ProgramID,Name
EN1GMAXbcQF3ucku4wpxE45CKUaoBD3yiutrFqNfLfK7,EN1GMAXbcQF3ucku4wpxE45CKUaoBD3yiutrFqNfLfK7
FsJ3A3u2vn5cTVofAjvy6y5kwABJAqYWpe4975bi2epH,Pyth: Pyth Oracle
H5C23zMP7SAJ2gELAvTFGnmGiiXt5qZS7ULs1Jhv7Ccr,H5C23zMP7SAJ2gELAvTFGnmGiiXt5qZS7ULs1Jhv7Ccr
M2mx93ekt1fmXSVkTrUL9xVFHkmME8HTUi5Cyc5aF7K,Magic Eden: Magiceden V2 Program
cndy3Z4yapfJBmL3ShUp5exZKqR3z33thTzeNMm2gRZ,Metaplex: Metaplex Nft Candy Machine V2
PhxJ5VtMbDAX329hbJ8cir5kH34XXucLFw95dMun3Hp,PhxJ5VtMbDAX329hbJ8cir5kH34XXucLFw95dMun3Hp
CndyV3LdqHUfDLmE5naZjVN8rBZz4tqhdefbAnjHG3JR,CndyV3LdqHUfDLmE5naZjVN8rBZz4tqhdefbAnjHG3JR
ArAA6CZC123yMJLUe4uisBEgvfuw2WEvex9iFmFCYiXv,ArAA6CZC123yMJLUe4uisBEgvfuw2WEvex9iFmFCYiXv
JUP4Fb2cqiRUcaTHdrPC8h2gNsA2ETXiPDD33WcGuJB,Jupiter: Jupiter Swap V4
monacoUXKtUi6vKsQwaLyxmXKSievfNWEcYXTgkbCih,monacoUXKtUi6vKsQwaLyxmXKSievfNWEcYXTgkbCih
2c54pLrGpQdGxJWUAoME6CReBrtDbsx5Tqx4nLZZo6av,2c54pLrGpQdGxJWUAoME6CReBrtDbsx5Tqx4nLZZo6av
AddressLookupTab1e1111111111111111111111111,AddressLookupTab1e1111111111111111111111111
3r2St9LGBnXMxv2msAZ4eGAPFNHwpNMbudkdBxdZCCRL,3r2St9LGBnXMxv2msAZ4eGAPFNHwpNMbudkdBxdZCCRL
BrEAK7zGZ6dM71zUDACDqJnekihmwF15noTddWTsknjC,Break Solana: Break Solana
9ehXDD5bnhSpFVRf99veikjgq8VajtRH7e3D9aVPLqYd,9ehXDD5bnhSpFVRf99veikjgq8VajtRH7e3D9aVPLqYd
DeJBGdMFa1uynnnKiwrVioatTuHmNLpyFKnmB5kaFdzQ,Serum: Serum Assert Owner
metaqbxxUerdq28cj1RbAWkYQm3ybzjb6a8bt518x1s,Metaplex: Metaplex Token Metadata
9DgBx5cQNxe9APGHBvYTqNaxscAyZG3hhrV7Zi8Dodp6,9DgBx5cQNxe9APGHBvYTqNaxscAyZG3hhrV7Zi8Dodp6
mmm3XBJg5gk8XJxEKBvdgptZz6SgK4tXvn36sodowMc,mmm3XBJg5gk8XJxEKBvdgptZz6SgK4tXvn36sodowMc
cakeGJxEdGpZ3MJP8sM3QypwzuzZpko1ueonUQgKLPE,cakeGJxEdGpZ3MJP8sM3QypwzuzZpko1ueonUQgKLPE
hadeK9DLv9eA7ya5KCTqSvSvRZeJC3JgD5a9Y3CNbvu,hadeK9DLv9eA7ya5KCTqSvSvRZeJC3JgD5a9Y3CNbvu
HYPERfwdTjyJ2SCaKHmpF2MtrXqWxrsotYDsTrshHWq8,HYPERfwdTjyJ2SCaKHmpF2MtrXqWxrsotYDsTrshHWq8
Guard1JwRhJkVH6XZhzoYxeBVQe872VH6QggF4BWmS9g,Guard1JwRhJkVH6XZhzoYxeBVQe872VH6QggF4BWmS9g
ZETAxsqBRek56DhiGXrn75yj2NHU3aYUnxvHXpkf3aD,Zeta: Zeta Dex
EXBuYPNgBUXMTsjCbezENRUtFQzjUNZxvPGTd11Pznk5,EXBuYPNgBUXMTsjCbezENRUtFQzjUNZxvPGTd11Pznk5
DCDX75fVNMB816DFERFiWgRiTxqkQukaCM7mSvsA9gQT,DCDX75fVNMB816DFERFiWgRiTxqkQukaCM7mSvsA9gQT
stkBL96RZkjY5ine4TvPihGqW8UHJfch2cokjAPzV8i,stkBL96RZkjY5ine4TvPihGqW8UHJfch2cokjAPzV8i
HgaKVD4LVbqWjLF3Chg51t6ViZFkQX8EkFCViDdonTis,HgaKVD4LVbqWjLF3Chg51t6ViZFkQX8EkFCViDdonTis
9xQeWvG816bUx9EPjHmaT23yvVM2ZWbrrpZb9PusVFin,Serum: Serum Dex V3
NovaA3MiPt3BqmrMctEEegfuXTNuV9n4Lihk5dk67uc,NovaA3MiPt3BqmrMctEEegfuXTNuV9n4Lihk5dk67uc
8puaJ4HcQByrpWfsuRAF4BPyqGwUPsez44BuMXFCDEdc,8puaJ4HcQByrpWfsuRAF4BPyqGwUPsez44BuMXFCDEdc
JUP2jxvXaqu7NQY1GmNF4m1vodw12LVXYxbFL2uJvfo,Jupiter: Jupiter Aggregator V2
Dooar9JkhdZ7J3LHN3A7YCuoGRUggXhQaG4kijfLGU2j,StepN DOOAR Swap
F6fmDVCQfvnEq2KR8hhfZSEczfM9JK9fWbCsYJNbTGn7,F6fmDVCQfvnEq2KR8hhfZSEczfM9JK9fWbCsYJNbTGn7
JUP3c2Uh3WA4Ng34tw6kPd2G4C5BB21Xo36Je1s32Ph,Jupiter: Jupiter Aggregator V3
routeUGWgWzqBWFcrCfv8tritsqukccJPu3q5GPP3xS,Raydium: Raydium Route Swap Program Id
CMZYPASGWeTz7RNGHaRJfCq2XQ5pYK6nDvVQxzkH51zb,CMZYPASGWeTz7RNGHaRJfCq2XQ5pYK6nDvVQxzkH51zb
HAbiTatJVqoCJd9asyr6RxMEdwtfrQugwp7VAFyKWb1g,Genopets: Genopets Habitat Management Program
brdgJFpUjC4jd1d7uZ1b9a8uiY65Xz6yyN3VYzrHNz7,brdgJFpUjC4jd1d7uZ1b9a8uiY65Xz6yyN3VYzrHNz7
hausS13jsjafwWwGqZTUQRmWyvyxn9EQpqMwV1PBBmk,hausS13jsjafwWwGqZTUQRmWyvyxn9EQpqMwV1PBBmk
675kPX9MHTjS2zt1qfr1NYHuzeLXfQM9H24wFSUt1Mp8,Raydium: Raydium Liquidity Pool V4
FoXpJL1exLBJgHVvdSHNKyKu2xX2uatctH9qp6dLmfpP,FoXpJL1exLBJgHVvdSHNKyKu2xX2uatctH9qp6dLmfpP
wormDTUJ6AWPNvk59vGQbDvGJmqbDTdgWgAqcLBCgUb,Wormhole: Wormhole
FACTNmq2FhA2QNTnGM2aWJH3i7zT3cND5CgvjYTjyVYe,FACTNmq2FhA2QNTnGM2aWJH3i7zT3cND5CgvjYTjyVYe
noteD9tEFTDH1Jn9B1HbpoC7Zu8L9QXRo7FjZj3PT93,noteD9tEFTDH1Jn9B1HbpoC7Zu8L9QXRo7FjZj3PT93
4MNPdKu9wFMvEeZBMt3Eipfs5ovVWTJb31pEXDJAAxX5,4MNPdKu9wFMvEeZBMt3Eipfs5ovVWTJb31pEXDJAAxX5
worm2ZoG2kUd4vFXhvjh93UUH596ayRfgQ2MgjNMTth,Wormhole: Wormhole
ocp4vWUzA2z2XMYJ3QhM9vWdyoyoQwAFJhRdVTbvo9E,ocp4vWUzA2z2XMYJ3QhM9vWdyoyoQwAFJhRdVTbvo9E
12EkZtAa2aw29qgiPSFGtoiwiXr7ixy5vHcU1Yiey4a4,12EkZtAa2aw29qgiPSFGtoiwiXr7ixy5vHcU1Yiey4a4
FLEET1qqzpexyaDpqb2DGsSzE2sDCizewCg9WjrA6DBW,Star Atlas: Star Atlas Fleet Program
GDDMwNyyx8uB6zrqwBFHjLLG3TBYk2F8Az4yrQC5RzMp,Solnet Program
StakeuseJR6y7Yr11GCi5zV5YB6gU8r8PzyQbQ5g9vu,StakeuseJR6y7Yr11GCi5zV5YB6gU8r8PzyQbQ5g9vu
sCA1E3Ns7bRnAiz9FW5AgPW1WuADfF9QueS4FCQLUY3,sCA1E3Ns7bRnAiz9FW5AgPW1WuADfF9QueS4FCQLUY3
srmqPvymJeFKQ4zGQed1GFppgkRHL9kaELCbyksJtPX,Openbook: Openbook Program
idLzDFExW7NznEvPDfBebBgJFUhogKPWEUT3kMUNHtU,idLzDFExW7NznEvPDfBebBgJFUhogKPWEUT3kMUNHtU
GUhB2ohrfqWspztgCrQpAmeVFBWmnWYhPcZuwY52WWRe,GUhB2ohrfqWspztgCrQpAmeVFBWmnWYhPcZuwY52WWRe
E4AifNCQZzPjE1pTjAWS8ii4ovLNruSGsdWRMBSq2wBa,E4AifNCQZzPjE1pTjAWS8ii4ovLNruSGsdWRMBSq2wBa
CQ36xjMHgmgwEM1yvJYUWg3YxMvzwM4Mntn6vZrMk86z,CQ36xjMHgmgwEM1yvJYUWg3YxMvzwM4Mntn6vZrMk86z
8BYmYs3zsBhftNELJdiKsCN2WyCBbrTwXd6WG4AFPr6n,8BYmYs3zsBhftNELJdiKsCN2WyCBbrTwXd6WG4AFPr6n
3VsEWnjL2Q6rp1Do2X1xH7g81HDWmFDZn8UZJWrsK4Nk,3VsEWnjL2Q6rp1Do2X1xH7g81HDWmFDZn8UZJWrsK4Nk
s1owa2k7P2kkLEenZPKuGddWMVpy8Pt2oMVeBdtSHM6,s1owa2k7P2kkLEenZPKuGddWMVpy8Pt2oMVeBdtSHM6
itemX1XWs9dK8T2Zca4vEEPfCAhRc7yvYFntPjTTVx6,itemX1XWs9dK8T2Zca4vEEPfCAhRc7yvYFntPjTTVx6
8L3tMVsFPEpMMt557oDJUE9xGkyT3VKb9rw5MdTJQRLV,8L3tMVsFPEpMMt557oDJUE9xGkyT3VKb9rw5MdTJQRLV
6ddEtEq1Bjaozci11PbhvqaLZ4QVsuuRpVnbyd7h66oZ,6ddEtEq1Bjaozci11PbhvqaLZ4QVsuuRpVnbyd7h66oZ
TokenVbSaLatYMStMWat8wXSi4tZg6uSnm8foP9zA2V,TokenVbSaLatYMStMWat8wXSi4tZg6uSnm8foP9zA2V
CrAFTUv7zKXBaS5471aCwHx7mq9Jp1eQQB5FQgdiSLyi,CrAFTUv7zKXBaS5471aCwHx7mq9Jp1eQQB5FQgdiSLyi
1Npdzx4VkJDTsBugnharYoxZuRUR5jnetBeMdpetMHj,1Npdzx4VkJDTsBugnharYoxZuRUR5jnetBeMdpetMHj
2qPL6aunS5v636TymUKmQAG2iW6gn7q94vShQb51iyMW,2qPL6aunS5v636TymUKmQAG2iW6gn7q94vShQb51iyMW
6A9RqPqgM8YMq4zqkPJ7baHBHCPGGDamqYnSKK52xvsB,6A9RqPqgM8YMq4zqkPJ7baHBHCPGGDamqYnSKK52xvsB
So1endDq2YkqhipRh3WViPa8hdiSpxWy6z3Z6tMCpAo,Solend: Solend Protocol
mgr99QFMYByTqGPWmNqunV7vBLmWWXdSrHUfV8Jf3JM,mgr99QFMYByTqGPWmNqunV7vBLmWWXdSrHUfV8Jf3JM
formn3hJtt8gvVKxpCfzCJGuoz6CNUFcULFZW18iTpC,formn3hJtt8gvVKxpCfzCJGuoz6CNUFcULFZW18iTpC
rwcn6Ry17ChPXpJCN2hoK5kwpgFarQqzycXwVJ3om7U,rwcn6Ry17ChPXpJCN2hoK5kwpgFarQqzycXwVJ3om7U
trsMRg3GzFSNgC3tdhbuKUES8YvGtUBbzp5fjxLtVQW,trsMRg3GzFSNgC3tdhbuKUES8YvGtUBbzp5fjxLtVQW
DqhtFVXHQJ8mfHpMZ3rkYzCXrnX9U1We2L7CcdxU3EMb,DqhtFVXHQJ8mfHpMZ3rkYzCXrnX9U1We2L7CcdxU3EMb
G6cmzPR7hP8jUpRtL7dXXThU2GaVaJosJQnhAwySBjif,G6cmzPR7hP8jUpRtL7dXXThU2GaVaJosJQnhAwySBjif
XuErbiqKKqpvN2X8qjkBNo2BwNvQp1WZKZTDgxKB95r,XuErbiqKKqpvN2X8qjkBNo2BwNvQp1WZKZTDgxKB95r
FKHtCFXuufk5Pxv8yPFtZSRPFwBPfWSct5EJKLheDALt,FKHtCFXuufk5Pxv8yPFtZSRPFwBPfWSct5EJKLheDALt
cjg3oHmg9uuPsP8D6g29NWvhySJkdYdAo9D25PRbKXJ,Chainlink Program
6xECMdCbcNeseHGSoNVMZpBiMmrpR7uvFd9PEN3C7yum,6xECMdCbcNeseHGSoNVMZpBiMmrpR7uvFd9PEN3C7yum
3EVFQhTnMG3Hdu3WznBTZwJ7kwbtRQAiQNY28QJkoGFf,3EVFQhTnMG3Hdu3WznBTZwJ7kwbtRQAiQNY28QJkoGFf
CwasNDvT1PT9RhcBqJEhAieoa8X4H88en4QVPc4fNG8m,CwasNDvT1PT9RhcBqJEhAieoa8X4H88en4QVPc4fNG8m
EeHoerb4vimqbBiVRnVvyCjumsSgmCEAKE2AuVPbCApo,EeHoerb4vimqbBiVRnVvyCjumsSgmCEAKE2AuVPbCApo
6DftC5BUaXBpcW1wtA16P9qqkgdfJFQ1dFPLCEuCmBH3,6DftC5BUaXBpcW1wtA16P9qqkgdfJFQ1dFPLCEuCmBH3
5AQk18j1vXE8QRYqKP57xkyRxdq62KHgMVMDfuJf1Y3c,5AQk18j1vXE8QRYqKP57xkyRxdq62KHgMVMDfuJf1Y3c
BaHSGaf883GA3u8qSC5wNigcXyaScJLSBJZbALWvPcjs,BaHSGaf883GA3u8qSC5wNigcXyaScJLSBJZbALWvPcjs
qntmGodpGkrM42mN68VCZHXnKqDCT8rdY23wFcXCLPd,qntmGodpGkrM42mN68VCZHXnKqDCT8rdY23wFcXCLPd
8EW7FMgPUf3Ux7JbtaYvSXct3yZGWALYGdxFvC4bf8zm,8EW7FMgPUf3Ux7JbtaYvSXct3yZGWALYGdxFvC4bf8zm
8BR3zs8zSXetpnDjCtHWnkpSkNSydWb3PTTDuVKku2uu,8BR3zs8zSXetpnDjCtHWnkpSkNSydWb3PTTDuVKku2uu
5cFBXjSufoZBVtXDmKshbkkw5GD6AwNjrTpbDTocrMP1,5cFBXjSufoZBVtXDmKshbkkw5GD6AwNjrTpbDTocrMP1
4vqTQXoetBCTw1ZgaDZSAABoeksNkAMH1MHo6wgbfTJh,4vqTQXoetBCTw1ZgaDZSAABoeksNkAMH1MHo6wgbfTJh
9cppmQt6Sn7aMFFzn76n89SrveX2BYvkG14LXm2cjtnR,9cppmQt6Sn7aMFFzn76n89SrveX2BYvkG14LXm2cjtnR
tides1eCHZZ1wTJpFz3NbeGmN6hbNSeB1cwcTuar22w,tides1eCHZZ1wTJpFz3NbeGmN6hbNSeB1cwcTuar22w
Hx2mja7wYsopmFPK89fTu1rPxPV6mzKdqNvt7e8Phf2V,Hx2mja7wYsopmFPK89fTu1rPxPV6mzKdqNvt7e8Phf2V
mv3ekLzLbnVPNxjSKvqBpU3ZeZXPQdEC3bp5MDEBG68,Mango Markets: Mango Markets
4SyrnpEBxWfsEbcU7fnhnwV4dzxuSEbqgiZTt19NwaWb,4SyrnpEBxWfsEbcU7fnhnwV4dzxuSEbqgiZTt19NwaWb
SaLeTjyUa5wXHnGuewUSyJ5JWZaHwz3TxqUntCE9czo,SaLeTjyUa5wXHnGuewUSyJ5JWZaHwz3TxqUntCE9czo
H8s8BkbnSdAyfjz3ycMvyDe4pBfJdK6Mc6x49YEvmDef,H8s8BkbnSdAyfjz3ycMvyDe4pBfJdK6Mc6x49YEvmDef
GmbMWX3XW49xHSr9Gm7Uc63dduVw4KsE1cpguteug7NC,GmbMWX3XW49xHSr9Gm7Uc63dduVw4KsE1cpguteug7NC
3waSibgbper1B3aGqM8bqD1gVZdSk4Q7sQyber8aE1Vv,3waSibgbper1B3aGqM8bqD1gVZdSk4Q7sQyber8aE1Vv
9qNRs1uXxQu5BpMxXuE98VjwWUvrjo727Zh5nruNYDPf,9qNRs1uXxQu5BpMxXuE98VjwWUvrjo727Zh5nruNYDPf
minwAEdewYNqagUwzrVBUGWuo277eeSMwEwj76agxYd,minwAEdewYNqagUwzrVBUGWuo277eeSMwEwj76agxYd
J3E7PJYNpSiPiF6vUPbLn41mw7YW5y7mMKdAJ67X68wt,J3E7PJYNpSiPiF6vUPbLn41mw7YW5y7mMKdAJ67X68wt
BFCMkgg9eFSv54HKJZFD5RMG8kNR5eMAEWnAtfRTPCjU,BFCMkgg9eFSv54HKJZFD5RMG8kNR5eMAEWnAtfRTPCjU
BxCJHM4CKp2zCHXGQaYcv1eGL7DkxBqvsEKAy6zHkSRi,BxCJHM4CKp2zCHXGQaYcv1eGL7DkxBqvsEKAy6zHkSRi
CAXTV4Q3xsUZwbCi8ZrBACBpQERhtSHXmzR77K9h8Rss,CAXTV4Q3xsUZwbCi8ZrBACBpQERhtSHXmzR77K9h8Rss
Tk2bQ2aqxtxjAH1VhGBZcsu9GqiUMJL6SGeNJqzzwrK,Tk2bQ2aqxtxjAH1VhGBZcsu9GqiUMJL6SGeNJqzzwrK
Zo1ggzTUKMY5bYnDvT5mtVeZxzf2FaLTbKkmvGUhUQk,01 Program: 01 Program
6U2LkBQ6Bqd1VFt7H76343vpSwS5Tb1rNyXSNnjkf9VL,6U2LkBQ6Bqd1VFt7H76343vpSwS5Tb1rNyXSNnjkf9VL
gdrpGjVffourzkdDRrQmySw4aTHr8a3xmQzzxSwFD1a,gdrpGjVffourzkdDRrQmySw4aTHr8a3xmQzzxSwFD1a
FARMmkoshPWbkqzycueFwJAUNfR2N7KXQkAChaS7RCg1,FARMmkoshPWbkqzycueFwJAUNfR2N7KXQkAChaS7RCg1
2BfqT93ujwQwTjFU3sxLYzkMkYPxKk5t3TGTrfY6E6VQ,2BfqT93ujwQwTjFU3sxLYzkMkYPxKk5t3TGTrfY6E6VQ
