user,address
madscholarship,8Ew6iQXcTRHAUNNu3X9VBn1g1bJkXEZJ9gFD2AGKtdPB
solana_mobile,6Bw9GQAZwJV6pasoayh184rB8uNGTpjUh1ducCcZ8ZZh
splenetix,JCjCRUJ4YWeoW3TsH8ec6FuLwnEmwz4XZM41yqgW2Xtu
matt,FXs8qxAdCsoeqfAzXtwNJtCxzMS2MWkX5UAStFhuwwqE
ph101pp,4m39tDyZcK9dgqYaBaX7PiTp1kjAKrMhNYmxDcVu3hNp
monkey,4ja2N12Zczh9K25zGFTfao6yPdTZSfA5Bw4QueSmQCYJ
armani,DcpYXJsWBgkV6kck4a7cWBg6B4epPeFRCMZJjxudGKh4
aaron,CUT1RFFKQffenibV3PvojjpuNEqRSTaj9C4ADaQRaJAs
trucy,2pCwCzthPYoRebeQE8acKSnfV99jq4oXy7Xw56LYNEs3
john,6eg9GqzemZqJVGUCodw927d2qGzZreJePBm5FCFBKSs2
tom,Ev8WSPQsGb4wfjybqff5eZNcS3n6HaMsBkMk9suAiuM
lanslyde,6CcSi7cqC5YBc6tuyJYVefmT1C6szCnbZQV8ezUYzw1f
peter,5iM4vFHv7vdiZJYm7rQwHGgvpp9zHEwZHGNbNATFF5To
chimp,Fa2FFzzBxoDfbmumNJvDQY8LA7N8Q7jVgXtmsHKYPyUg
possib1e,J9Jx7cM2UCjJuRyvg6nh7ijZ5sv4cNfcjViLphUbwMRz
anatoly,3w4Ksi14svxuPcwfhNJrWAk1tni5kVXxux7xWFEoWLRm
testskroutz,8w3NANtFEtgxr4PGBPrwMrHNxAWHWkLJVDn5zfcKQabY
giyuu1,uxfzWAJN4zAQzKvWrQjgwmt9kie98sWfmwAaJpkyv7e
legend,EMtQTumnZYnv7NSZNGr9WpSSMahkvmNeo9hjhbB9gqFR
ruru,HjxpQQX1NFgJRcT84txT1mMfKKWkcPxbApMYUvHhHYPa
0xjd,EGKCZs1FNyT9Q6rzmfsPjWed1LkE7SzMrRkZkz3RekCL
idklolxd420,EyapbwESt6a8cdc4p9FzGjk7AtHXUnUnjt7a41pjrmNf
ethbros,7cjrCeqUrJ1faCNebb71AgVacdBSHwwTqxSQaWxaVuhL
ant,8fuWigxnKiFGjnBqFyWwDCUzq9XhgLwuk5E8J5k2u1Yy
spacemandev,GsvY6rPFaipQ1qsACYFtQu7F9n3JxzBXFw8DDFnMkRpb
thnxcya,GKGqTunrykRn2QbGzYSabPmBnTMC2SKUVYSriC4hFpFs
joemccann,JCZjJcmuWidrj5DwuJBxwqHx7zRfiBAp6nCLq3zYmBxd
tokidoki,7xVVHrMMG6Vdy9LkPePXNteUar96G73ZMGqXsHfGar3i
ministerofnfts,uC5ogHyuUFZav9boQdqGK9PeKA1iyZzw7WYvQeK6cGa
mingg,3d1Rc3uqVfK5jKZdbb1LTRVJb4ijdruTALYvSyuYoAT6
tanmay,436fSafi87KARw3sLNarXaAQodbBFHeVgxunNbArKJ8u
jakob123,ALG2y63fp36Qx4UnYrK4qzUNVADgji9Uu2TmFQe92nrf
jordaaash,Hcq3S8URqJLQ2JUnNJ1BmNiYwtWen78jQkyirHufG2jf
doobie,HpiFqqRchXvSib17SjnY9VCCR8E4Ksug8io2GRnRPMZw
degentao,CU6fYCzd6hJmEmTdHEjuoJoL2mopNqDqZrCTs7z61yK2
jimmylee,GjotxVCgWitMCefmP7jegMajU6WaxwHKD7G6Hv1iKNN4
akshay,5Nnk6z4qFY65ihZVQPAzCq8v7E17kEPc4aw8G2c1fXWd
chris2073,8xZbqXGARhBMeN6D998PRy3MGn233Ke7vap1PhFq7EgS
crypturco,Bfjd1L3RBhsnx6nMBc4DrfC8FDso8SQHPjGS4tjsbUBb
forculus,76HBVriTZY96hnu83vNarrr1Dq9EVXMWkeogS6Q9YziU
degentim,89hwTFTxA2ti5EmTmiERi4R43uRTNEm6Q2Q6sotVq1kp
shenpai1,DoFvVXWehzkNqdKjQM2P8ESQGX6pF7Lm7TpLsBSRNtMV
jrecord,H5eApid4D5Jx61T5MQwgTLETSFtXJ9Yq5sEmEwcQBB1G
349z,7XgU56YkBrhrpJ1Ygh2UjPbXfeYpXRp2ty8mzR96H3qF
anders,5ErkdeH7XeW5Fo2Ab8SeYEgEXEbi5kBgWpSh2t8sugfZ
croak,7VYtX1DeUfU5wrskhMAnzbeyVEkf5xcD5RmPhCApzgp4
heruz,Du8HU6fSiVcC1P7LSSLBbdUJ6CwjQUbkzr6bjyM9bhu1
cozypront,EAHJNfFDtivTMzKMNXzwAF9RTAeTd4aEYVwLjCiQWY1E
hesoog,HEsoAeQ6jgwiyPCL7A9mBjMf34qVAF96KYPNdxE68iY6
shrooms,J6Sguib6qqw6sAVew4ZDYATueiEnGnv8M5bKxjZwfEwp
johnjit25,6XSWusn9cqzoN6a6H9by8MTeSzV4t5p44nvyNJRX68D1
quality1,6PuKVZs8VYGgVX43neJLegUYsGSBAKzX7Xn1A4L8ZsgL
ry222,H7xu3fih6nxyHauvC5Q7gPGMwpKc88AW6JWPrngiqcoT
emirdes,2QMEaua8ShRARa6yWYpSJJxmbfoFYkYvhvhSLv9nUK1D
ekstasis,Hb9v3ssbX5FshgPYpLUu4ityd331SdUCJLrqf28ZY8Ks
itsdandinh,D5maRfcdopP45KDW8HxN99AUFV9Z1GiaTnD6bUMYkANC
toko,HxmLL653wYD1UypJVGK4E36vwK1AififuccYbg8tzmCh
rich,6VP8KRi4fA8E1rM2773aau6wUTum7Ei4NmssbzAXqPtt
meltdem,B4aD9dBBdSMLBf2d32pPKE2ezfE73gwcwrsG7Cv8Fehv
geoffrenaud,vFUWGdLWmAtSDk3EqwGg4Hg55xb4fib4mW4dw63GVic
romm10,BXPtUJ347kP9ThLVA1RFKbJra3Ce4rZnXmZgLjVJznDA
tomioka1,9TQR5zmgCFMS8HxM4ejRqq2pbZPz7JNrYn4aLhfqhQPz
solbigbrain,AuCm7Ny4X6XPNRNQCqfeezzdkRAajKRvoGpB74QnEDS9
melty,5Twp6yMgxYWq7rUChTwM21r6TmJb3HVUAVhzXFs9En5r
huzmond,68TRACNYGqc2eaYgiyCBn91BFcq2jWqBUHzQSxnjrh6c
jules3a,CGbFzENPtuvzA1L3U1xr5Zxx3eYWRqC6koj7qk4chThy
adereak,HL6qtBXyf7RmRBqZtSRbdYQ75hB1xHWosYVq36sbiuRs
rice,AZysVfdyBicbNgBeUuZQyLEPH6GxVfKpw2kPT6Z3cMgN
vale,C6LXY9se9L1jrkC41tp8nXwK8L6UfeLUXY3LAPZH7NiQ
justin3,47dBdGSn9TTxPirgkN24tb4SBmxYTgcb3VFdscLDCZ3o
graviton,4BHXxvBL2MHNQdJQNEd6Tcqb7MNprwHCaGsUb5eqPg7j
luqqy,AY6MRTqfg87apk3tpZfg1upejUuTvBcg4xBsY9cAsxp6
rayz,GnEWJyRxkGJ5RDcpriELtuwmX6ESsn8gLJzCEviiWck8
durian,671yz5SXKywkMNAwHr6e8huk4cHmuehcQKxHF8jNfqVe
cmsintern,7U6WigDuvnDoCoVhmDjzMTQVDNzDk63f4mB4XmsFX8io
towel,66t3PdH5kbdKeSdmhAvWHjXt2SVmLwBPAt5Yg8XbAceL
susi,4U4r7GLQi7vMWu234AuiS89ShkWR6dgHjDVnSwDMUZvR
seg,BnNMK6soGtZshTryZZcu8Bq1LaBgXsMkcT7pkCZocJpo
reseven,BmE7MDDTDjocCZFojHLmdVreo2gvyjZFBSXKEh34N1rw
shanks123,4hRiVvmhc3dtsVDZYsHS6KQXcYcCEakYWej9ytc85ivi
michaelj,4jopeS2p761QWoRhLA8n87iGrtqJ1Zf97CVj1aiWZndq
italoacasas,8QqdtTRGccA64qjGh8EsJnu1mvBTMgC2saJPdozAMMB7
isolategot,4oNq3cT7LQv2a8jNGWWvQimoqbBDh7MiV3d8HqVp77hh
mikedudas,BWM4QL9EKcz39xvApfKC144xkrzcj7uGbYhPDW6bd9z7
ricojiang,5BCGCBQqJSa8M4sm4sK3SV8nEVRhFDoiaL7pfahMTTNg
topo,4v5sLEyghYjqBsx1ASfbqTi2e2HYQNPMDhCBwqwC8mJw
leela,HhCKrPRAwuaXtK5ABbGHDgE6oBN2hgFDmvqJF6GyXwvt
aloe,3iQVuV9ym1ypz4Q2sTDGzhQQtbeSBj2ZH76YApiCyedC
tothemoon97,Aqa8H5hmHe9MFY9sW6widbqEuaYv7q2KnRo25ApPhWhA
karlovicgoat,JDYf3EfcqBbk9TsufsqbtnLpA2iBs2bV1sh18j8pkbZW
strat,qodhTms2ojNCZTjxbE4DNypzzanTHD5tMLGmSkgqRZb
tomjohn1028,7VbhChVfVbmxtyzz9qEJ22spDV1rNuRL9PcgNPJb5sW1
sdfsf,E31CYG1BHixb2tULvWak9vQrepwHEVRQuUD42jmdVT5J
ltirrell,BGCA9A8topHmeCVWwtF6VCKGzm8w4xBxQdBLtwHP9woV
spire,FosAX2KSMj7hnta5N6E8DpnUyGsHaoDeeuHN71wzfpwM
user,12Cf3LAyYVFtPKqnE1JdXkHXkmdeHBa7C8oFg2P3BVSb
_ashabii,12XR2mu4MWRwaJCppJpGWsF17a7o1SpX3ysg2pSBiirn
samples,13CHTDMsTPRpd9q2gfzwAGNQK1t319jeLCK8SbXvQSnT
suppercious,14DtS1Yp59qEBirJtcjVudVZwQLcxQ4uGWxcHgRo8hfh
treats,1VNTpUagRonHDmxzcCkUrU8aDYVYTFihyXC265rCsDV
gmgm,21ZTHKLGuoXgXkWWFkcMsZsdkVaSCDJ9cYUErw78RW69
jarmander,21zPNSqFR9mwQwbyWkmcM5WwXLjkvcQFADu5XBZqcCxv
soldegen,22Wxe2ncS9FuQNGuX9SufiShnEAMpzV7sUHo3nKSgwAD
sorgenfri,22zSMvcfBtrtD3sX2W4sxG72LaVfxjYci1fpNLWzAMHx
huckleberry88,23A4zZwQi61Aco5kQP6bhby2DVrE6Z2kNyT8rkMyFoN5
louie,24gsoabrh47vMsr12FTmifD85bvTs7oi6Lnb7RpwqkCu
scott,25HkhZVgXWYmqgwaDvkYrYU9fnnzC6ZSbFeoUk1ko5eK
amrasara,27LVKBAUBG2rwEN7DJKPC2xSA8YrQUiCa5m5JN8x8hSV
iko,28pimZa6o3vi3ryfW5puVonqnimUiN6VJifznsFkpcQn
omega3,29hcg7nN7unogHZTe72dL9C6SSG2hGbMtmK9egS7guub
nickhyde,2BMMgja33QXxvqbyVmLAZvPc9ezfmMdiq3NU8chfcCzp
saiteja,2Bda8vjqm2pjBr5S2Tf7u1wmXd4hwGoZMdsL5XGg1XQj
bluuesz,2CEoBhMhYutomnhbJ1JK2DkmvenEzMEHmdJcX6wMnL1M
rager,2CS6iX8cSPp95cevzhwx9FDBbUeRTtdRGdSC19LN3VZ5
6666,2ERucZzzhLaDhyJZHYus37P2FjFZ4WFyJ8R44rEb5Tao
andark,2ESVV6CUDtPJ6pggrV9PtKoYzxR9gn14BEzR6in2E3ef
clev,2EhoHKA1Eot69W9PRTgLpXk2jdfGWQL4SYzVwjUWMDeE
bullss,2GMLY9xQDVzptc57Fknhgm6HbYyemtTCy9RKABfPeat7
lou4c,2GtpbbWPfuyMopRNiQdU37RQgDF5Mu2LB3TgkGutNNnB
sergey,2HmMSsw5MTQkgZ2WvAWoPjTU8U5hcVZkKWopTsdFjMve
cmeister_alt,2JkinR8V1RjX71tjWqd1eZR7dYBfb3MUSXzmLhYGcjE8
vinzz,2KuKC3wQNDUVYBzxc3PsvsGWDWL4Mkgk6SNK3PmGZKTJ
numunfungu,2L28uffCcZcGZStfdqMYikwgKjtEiEetoqF9ATGgmTwE
oxfeeefeee,2MTRk8f8gSPSeiWdUJ3G2vNE4F5yR4HMQP8sMy66tYVq
blockchief,2N1jZ3S8VnVWD5qWKYQduPobRdqdJqPFP3d8CSW2kdWL
bbjk26,2QjDXCNknwrFrdFPQXE7JhHUxsALPu1yw6RE9wXcVv6N
beans,2S3poDsrhzEYAjMnUu4QFew3oLmtjicz6rkhDsRYuseq
0xmukesh,2S9jKJEGKoVxR3xkEfFyGVrLwJj1H8xYjqtSP5LAX97x
leant,2VQA3FT8tWRPgiwVPh2oKm1JTA44ocGspKn8yRZRvXiS
amad,2Y9zeNFyP1WTfEMnbPh6uhQG5gwL1jXHeRifXaaqnCVy
curvedup,2ZdzWhiKNe2YnPCUha31Md1GCpUrk32yf49h1twarUr5
boomerfi,2ajD4h1mRGC5WvPB7FcKrDokVscvr6zb715ExT8sqdRS
hellouwu,2bpkA64dQuqRGHSJARaQTMNQ1cdRjzzJ5pUcZBvABcN7
apesage,2dHzRCsd2QpfuPd6t9uNT3tTdGUqiHiUbNyX5xLYYc8b
anagram,2dZ4eCiiC62MnHU7kfwQmL5hCvRG8fcNVEvKKAGBbVhE
nicovrg,2dxVKvE1qkK5SqL7ydrsaL4ZuMUKVoiZpsesVeBB1snz
stou801,2emxKmdw1UVqf3RCtGvLsg1BbP2DFiycbiaZLAWfrAvp
canardmandarin,2gLAprD3LUJrSGdcXv88Nvi1ZfHRqpaL7c84SV7M4XWs
0xdante,2h2uZnF324cbL81mhsXUHjj1C9JaV48YXcH5Ye9ikSDd
raz1,2h6Z1hK5z6KgAh2VgBT3vU9hnMTXCJb2NMQvvpXRJeMB
maltese,2iMBvYsRjMZkborfH5zyeu9fXPrQWVf8AWbenmPZxYpV
matthew,2iWmzpJ81gqj6YuxoCZuhukCjVXxFqsEH1KTF9qiZoB5
cryptopia,2kMG3u9AwEtc1bYp5Puw7TbevhGnCQTBUqbW99mWu4Lr
payrollstevie,2n9jAat4dhh3X74XMQF98CvDR9jPmTCWr9T3PxiMBGur
joseharso,2nA7ihf2TpKCtLGYZZPo1MstDgrfGLj6tR9bbMP1N4NG
morningstvr,2rXVNqadd6imBarEa5fm1qrHp3A6UaT9DcVQmnAon6Kw
yafugginjagoff,2rjj9vdy2WsM4zwEEpCoh2AUqUF3mx33EmnBz36RUtox
jamy,2sTJTXMnkDfskAQNCXCoEAAfg3LA5uKMm7zyexqJajZh
aquares,2ttdoLs6daKS78fXfZ7XCommdBsAcx3muyZDSayiwSCe
explorergeek,2updwWgujqMWTNczaHbr1LVr4Y6T5uPLVFDLVhZydyQr
stevenshi,2v6g3XeX9jfYQBdpsV8VGDa2zxt2K6NXa4fz7fHp4uCG
satfarmer,2vH8Tgs6XTD7b56ocLB7NUL92xN8TvBy6PrBfGmXAHfX
treanater,2yVhkzWWdnzrY5TBpKrByennuZxY6Sw9QCvHeXtj1APE
0xmiir,32dniKPrdAHCvt82XJqQgEMPGS5k2pU1REk35jmx9LEp
star_glider,333T4pcqmYX8oy9Bev9MYnCybYaTJP1oyEKexnHsgLqn
do133,33ZVHakBGm5nBtdwXBqydTL3wDEcgyTpiva6jNPd4DSC
oxy,34KTtB9Aw1uzKLc6fhpUm8BNw3KcasfanjmsCXydaJGK
mhostetler,35GRVWQdXyEVRU9WtLLfQSfVzNVMYkZV3SMbX5Kao6g5
papichulo,36BCVjCqZTXkxTeeKqpATwfkS4PJicfFDR2BkrVy6aTU
kmafia,38JUpvzarTGcoJFZcqN5uGjGWVaf26m6WnkJBEJmkB7g
pure,3AJeuK3pNzb8g2nszhRrKFXzEc4WVHKsrcNTiGg5gxk7
dudebro,3Bap9A4HCNRBYCyNSkm6v5dyaAxRRFCwgf8BrD41t7qi
akadominic,3BneAsqfqT4BoZ5ucuyAt3EuB1AHeVQ9z8ZXJYQKsPc8
ordinaldani,3CGg9BxxxgxzzCnvBLg1iMLVhQDjEQ2Bxsmd86sJzE8m
nush,3CVonzHLCvLrB7rwMBnydYLSSBwyGfZ3S64jvgMmzPwb
clairezhang,3DJoRBCfpLf23GkaaT1LXViFBkKpLyHEvNHfeFUHR149
kira1195,3DcBEVDt5yoyxt2rxXZNqbSdRzGF3By8wkMiPo9cHrJf
cuddlez,3Dqs4in23VuR3JCt41QgC5uavmtbo8PzxiA6YCLPqpAT
james,3EneudgoSaoLK912paARQruGvNFUjFtFVDXZRrfyev1u
sicko58,3FAQFDNfXuottobRYn1nMLZQVGnva6qbbYXPX8hMBh9u
playpay,3GooXXfKm3TQcSz65QrErCRMH5ucwafrGYNoY9a1GGZZ
tak,3H3d3hfpZVVdVwuFAxDtDSFN2AdR7kwiDA3ynbnbkhc9
sol_ide,3HbMNVnS9xsjsPZnFgYtdABXEF2gXB4mPxdx6BTe5knW
notorious678,3J2KtTatAZE4NcZ7ALUbfMfaJYxxKFGF8fahNqscUoLh
rndome,3LVyjcFSBN1Vj6AX6YxzEca3ybJWwvq77GQnY28VdBZp
kingperu,3MD9gdTNUJULDh7MNJNXWgJASGiKNc4KMLVPbDFoDaFa
methbergson,3MRedXhSHGFi2DFPgA3rxNdRa43QJMcFDxh358LfJuUA
unmarked,3PAdtmP17F6vzBwH6nDiVh7nDaZeUSBawkUawFs7weMZ
mastameeseeks,3PGV9bWbKhyC5BXrqLfjXo3aWA38fuE2q4d7UgQfKk7r
daddy,3PNYuFMxYFXFTyo8XfzHSyHLbLaPg1WyNVKyMZCjJf1r
modikawano,3PUEFiYD3YNLrJzCehHgCeXpVTYXTn9NSKDUhqdKjkyn
divyanshh,3TPP3QuT4Li7TnauavcsS9XpQMRgzTcCZtZmTJ5abLMv
solterno,3Tqw74PpihuxHrimQXogiccKs3bXmEFJQgKZzKETjsVb
kikikaxx,3VghtYQKPbqFJBQUt4VivXaAsAhUMkaQ2NNE2DETfrFF
20log,3WesJ3ZvoQXB5ej5JfdZt2oGrvwWTnsq1j6WM8mTbqjV
lets2i,3XifbQU8zzGod2miHCxR2Dmuu5QNtE6ncv39V6FVNy5j
venno,3Z8RL9tz2qXmW57FMU6Wqnbn4yavyQ7dXrgUnJvRis3T
hannibat89,3ZaTiZMrwCfjBRDtrKgmoPPyFw8DnRd2KtEnztLBUZyq
senku,3aRWabR5KHhnz19US2kfYWfHwPCR6hbevdwGsVWtxLYe
casagemas,3bMqZkzKNCaB9tzG7bPMsBMz4y2qQVczdnqnXixRxQCZ
rayyayzzz,3dtVcx3FMhpq3coUnoqq8JMTH4R8QbfKm7HeKzuLNeVr
defiayda,3ekaTCtRRgbsgPp6hGXNwQyfLVaiPF1NHvaAMbCJapa2
kangarooo,3fZwfMWuwyi8k7bvZ78E7rEBDmj6XLQtRCkPQcK4wHpP
jemo,3g6N8BoZ15T9fmL5MnUgvji6WHzxMWkPkjuA6mYUbUTL
cleon,3g8o5Uvj28aJMUDVQLA1yBJk4AufRnMtuDnRTDhwnpA4
gmmarcus,3gPJpFQGf8eGLonDbukf7jfXxPWLrsFhexwut7yJhpjY
laser,3gfZg11uh9Nm82CY4CAXwsAC5YKrwNTnqJC16W5xkBNC
ceteris,3hucWLqc2Do6RGCMzfu6XmPyUkxnDsk13QAVnrewUF82
nacho_hombre,3hz7a8CZJ1Uq7hgxDbnkLTax1rGDyoHJGMwHCCrUiohy
sologic,3kyJ6AwrE9B9617pA7AVUfCPZMrcA67cKfegogMSZyAZ
nifty_dev,3oN6rEbyjUFXzwrHK75oYycRhLiURCG6hUBvzny843gK
heisenb3rg,3oVGjQJ5cmeDexJHeWYGB4S1XLXw75ZB353KHs2MiDL9
vinjourney,3q99WaTYCH95ivzopeC2tMzWekwvuUBKC7Vx6etuWH2v
kongming,3qmGPv4rodtvUYmovfbzuDwzRK7a5W2hW8SKKRhfhYSy
vi_coin98,3r6PfvQYEVhwnHDFxcidmMVAH6seaN2HkK84FaP2m1ME
boleh,3rUbcJ7ZovJtJQgJmEnNPjxiMwm3z849mAn9ZryWvr3S
kobe,3rpcmBeq3LcdTxez1sdi8vf61ofpxFpKrr7iViEWykAR
nullninja,3sP4VqAzjHDvbLsS6UvEbps854fhKDw6mr2C1RSV1FHn
y00ts18,3txMTbdxWvPNqZk78Lo2S1i4zRCeLG9tBLBSeBsuevJA
danico,3uZbLCuwQ4dWqX5G6cUwBxyF41xL58CdAENRZJefn9Hh
achrafbo14,3vjVyAVnzhAwFDiSj8tX2wZoyfAmFxER2Rw8b7N6rrKR
imdreamboy,3wSJqzoMMMsARgKmGaNFkETNP9wtWTdniVwFU2ifh2eb
yaks,3z6aqjVwTKErNASoK8bA2YimXuyyoqGaiYpCjSVdpRdM
nav11,412MDgjHMCMeeE1JM6HUFTtjyLA3yk4SMSPoUS35wk6f
furballs,41d2Ek1zr2eWnkZTmy1pAsKXwFdjZWGNQKhCCpA2J8qn
kordefix,42i4VhjfjDv1DYdSfGsZXW53eGqFhBdWU6Lg6FcoPNg8
bare,43Q2fTpFTZm2DR29b4h2qDWj3uhXEf9HKkRa4ojT9hij
mattmoynihan,43b9g6SLwK3jsFe15zNvBhUFTZkXK3wPjbH4iAF8Ub9j
0xaero,43tFsRkZyhE1JXGivxWthApHPqWCnDqs7E1ZNdy7gkNz
dinosaurs,45zGdQNjvdxW9fjAnEDNDn7bd3Vh49UaKFj25WCGkXbx
mak_eer,46K63zgFeEP8vpD7QA5ezv6oRTxn3JurjykmeqbXQhyn
jn168,46eHyws13jP4j5tEhnnp8nmpg1gEpTsQvMDUjTkSz9nf
alphawolf,47mzUW5ZeZCbsCWa4PmuFiDEgGzg6EbWpvt2mqen1aa8
perc30,47vNGX5aHkqxbPVcPfHWmttff4gYvvnBsY1XkQNPYnCG
shockng,47vbe1Bwp7AhRgKRRvtstWDirexZ3bB97NB3ENHw76Qn
oznesm,4831TVBs7eL9d9Sr6JJPdUr1SvyyLjsra2UguzqhcLTN
attty,49DfekokAwjCpwsrqAvo2LthCDFFi5wLKAF88ZJqTs8E
jonmoore,4AMyAAGgiAZES3gybsU16vjntt7Vh5wzDd5nXMDByzbS
foxlyfe69,4BFD7DRFnH6Ymq8AvX93xig8t99FYFJu6yzcisbaTjnY
abdulbasit_001,4CN3zvnMQLqHuFsZpu6QRK71pepAMwf41i9ysGmvDN6W
h3rm3s,4CQVabHxk27pyWPz6TrXUjoEDcpN4QQPtd68mJeS23Ye
catalsina,4E84A6tKWkGexxomWQz9YWQbzN9xYQDN3sFg7Q2pXJUp
degenminter,4Ek44pjufYatTyMtTwWMKu4wMuJVbRiAri9h4LEgEJFo
peaches,4FWVqZHi8wpeTWxw75gSoL4WKxYyfTSU1WSwPKMyccX9
lorso,4G7L7U85Xjq4dwuWEiU5GhiZeyTzfwCpm1TfCdRg7fu5
0xst,4GDPQkaEhoR6mJxXUsUbMP4V18dJ6KCzYiseeWh1zoxk
kag,4HTXH65p82an2EzEVdYx2CnoQhR8HCKsfcx6Z75qA5K3
funkymonk,4HhxxhmjPPsjUBv8ehUQ5ZYyzsLy19m3ivqCym1uj7QD
z4ch,4JkrEz3eLsHcdWYD9YctC2ZZw4tSQh1ziNgAoSEWHz44
shadowww,4NcUcgJguth7ALCvan2oUGX8hHUUor91tKn3GmLLe2FB
michu22,4Pa4Dm1EEBdEEcXRc5CfvpYjToemu7accHCv7VTeDb5C
elandyyyyy,4SDpKFrSQ3KHocYa17yyob8CeNt79PRPEpfZucsdcuEV
moc,4SbNZpXetjBPdiXrUKMWJ4otLtZAHpdq82RpkNVLRbv3
graphite110,4TcGFBBXjLCXdbFDJ692x1CGaZqG6kWkR6k7asW7e2Fo
maitrel,4TnFuu3QqqU3pwdfDkStiQFzYfUwTUE3q4Q894m6LJ1o
hisan,4UixLLoCcYEAHmf8vUTSKSTRQsWcXs1Zg6bXxmTknejx
pigeon,4W71XVVaPJqeWVgjH6KMvZHMVBty586p1kfxnDBMRbsC
keykeykey,4YNT84Qz5mJxUwwvF4He9VpamgZH9jUJ5ntW7iGwSQRq
nom,4ZjYSCH3Sib9iMSM3QN2sL2kwxNcXG2P4XCemSC2hsyb
chiefkeith246,4ZmoJHoPESivPUQE77vbKkZ1xPfe4BVhJDN3ZxKsr32W
oakey,4ZrzFCestcEPWwgB7PZb2gt9h3ok9oXYAkfDsx6eQkAY
serenitystefan,4aYmuPekXYo4SRFNzQpGQYNTZdEpYdVixnb7X4p6rAD4
poisonsea,4bmFXce5nUJXicTcHs2DivH4nZRDG4P6k8eP3noh8AD3
gigamaser,4cVVE36amBoE2n7pWk6EEvPeuYkFG5UsquurwbvrpEba
keenan,4ca8Xyzk8CUSJpfUBGCzX57xpfHhXqRU9TqYhBx8ZR1b
goku_nft,4dWCF9NcAfmfVk2yY9xhXHrgKxiMWRdwHec6BzPby4C7
0xbaklash,4djtwML8AnewbhFYuZgGEcK3mE5SQedCMYer9eiiRtqb
0xnoob,4eLTaNt2Dxb3VMHUcoXqPqmSHg18KMvb2x3eEV5rdQp1
hugebrick,4fVfZKs6GjfYSKyQePwqtEnuatfHCcoczyMVw2vYCaLr
icypenguin,4fjz93v4SK8MWuCJgBHf6W2Rc77pPkSo1mo4P3UxXr9y
paulypp,4hD4wbeDFEwUuFKLxqppFvZgqTtQLEsnWrbkFHCnkWF6
dyor,4hhQLPk7snvEKskWgaQLVppJEVuStJyVKzk6TDD9U8YX
kodoy,4hnwZjsjKTtvvRhqgfMPF23pRKHmSByZSbrEdoyMmkuG
phillip,4hyivHRisHB87uMKU2ozkuHRezL7VXjFn83oDSNS4v6Z
vdubl,4kENEBugrP4tyGc32UwZDV7PhRCjcBUp6Afe4t7ADWWs
putersol,4ksfJF8Jra7s3yxCMCZbyTnF2EBDofnaXLqcdeetUL9u
stepan,4norfRFWcM1JUquHrxP3DcK7NsYz6V1zTZFuvKcnoydE
kxngan,4qz6B7xZa1YkHAV4ptiaC615QQav8cgz2TUvwiMeVCXE
hdfxbt87,4sKfWCENBZMujYhZNyZPyiTfQAtXKn4U7gZrYKDPnZdG
tboh,4sm1q7PBT9n5wU8JmnyQNECxPH3sfe6zBKArVVwWfDKP
zomia,4ssmYskfkRev8x2wiJzkBKGFvzMjfqwKuMNRjjcmDQpb
nostradamus,4uhdqHuZNeYx5BDBRjJBcTafN7i8on3a242vhKUapgAL
altrius999,4w3QGf5GrNq6kLjK94sHrLUzqzur1pyd3R6HRMQRsMnT
wtf,4w5om8ctK9HfTn1JheET5V35MQncVzCiTgVWZBMccUms
kladis,4wMybKmPN3gbC5wkRZvgpmvSvQNydBvkNevCeWJ5FuGy
axelverse,4wbJGoVLysr5EpCWx8Wyuoj1JJQhBKwQWsJJjVSTQnzM
cal,4wfMepxD8jA6Sa3PGn7f5UUK6Ru9CqT2Vz6mcprDMfeY
itachi007,4yBbX2qDyuCM65vZhb9bapLj5h9VmYoJkUcNp7oefczM
raphael9ja,4z4QCg9jienLd4aW3mF514KrWoKsDV4Pq8hxZkrXTQ8L
jeremyjones,51RWfH7pJQYX5JVDoiWzEL4jqazEgjKYM3rX6fJnunsw
nonfungible,51jk5edWckF82q3xU8gyJv4z6GsxuZY4PEqcuSVTK75z
zworld,53SFsnfgxhuojMH22Syjp4mwWV46xt9fdE86rHqGCm5b
vittorio,53isxAi2CKY5NTyGBvsXBmatjLmJ3LgSbFcfwS3uxNbJ
val,53vUyd7iFntjgcwtmAZAhtyrWmssiRvs3AvWiUJfoXw5
solus,554VWtx3hsvHnVsJPeg8UYoEbVr1upkPxkdhhR7tZpcB
crissle,55eciU11Dmnwhunfo2Lipti3XRBYAbRQRKpmVjmXQnNb
thatbean,57YQVbJ2mqbHMgUKkbdbZiwktwaVJQnpTcm8gZkUMgCB
dearterminal,57hvXRDx8kM1fEebq7fWJK36hcxaZoneWCryVijvRzja
treybuckingham,58uP5UWXaZVv19uoGX4MqqRS2L6bA7tGmxxZK51QXFKL
piratefi,59a3MHPEv3J12579Qqo1RWBQFrFFP3QrpwTDS8sXGfM9
estherlene,59dGnH7roVbB5YawNs8LNd83QwayYsfJcSrHjC8kSyVg
apejoy,59qRWw3XE9xy55QLhiY7qL7p5cmgSdz3bPHrUdg4YV4F
etherman,5AhZEuNPqXynVCxagzosUqaZgUC3hwYE5uQtgGqcE6yN
panicselling,5AsKgxeYRaHRcZivZDXoCK6PmVCbc7Nnc4LURpBV7tPv
callmeishmael,5EJAXcVi7vt8vMSpb3fBMPzFqe6xcVfGDLSSfWKC2AQp
onlygirl,5HPZxGKdXU6rjrgvjvkrsuoVEakWnVwB4YDPRnSU6e9H
bryan,5KSRWjX5PwnKgNvyipH8nbRdQYcpJyB9Y7vxmJGTmhSK
bastos,5Lh6Tn2jsMRMLGRBq2AyK3zxytKcCDvhZCEJKeUqzNeV
artueroy,5Q5GgG3RgxJvaaAecG4byRXPK3dicXYxV6cSVMzkQ9nt
cryptoplato,5QXmevk56D7TCUoSBMZDbFm5qrwaMCiQdS9q2GeE2T7n
svena,5RH1MW4DP8mTs5bNhVZWDvyiTUGHx6HnRY9LYGshWq9e
art,5RvjoqePSXKkY2xA4wPgfiQdyDasrBW6ptcr4eWP9YT3
sdg312,5SozTgYpeZBRKFTPAqPCbhPKRQchgick9P2hmyjAZCJT
celliot,5TYYXTRb6J4ucZy8uV7xg7dsQZViedaNhuWopgB9a8DF
la_gent,5TiLQjSxeAaA3L1rUbTsp6TfKN6jb6Cy5eVpfVMYNTBn
pixelthom,5TtD1nWFzeqxnaASLHTrHD2ysqkCynf4fWYzsnfKR1qq
hooray,5VV5Xdi5DedF1qjQmgBaaqEaqRZRgBJkbmD378qioMRa
lennyblankpage,5VnnDb6r4i8aTw2iNTCiHt4DmbpKnPBZQHNp5QFA3pgs
realtd,5VrBEC2SjdnRHm6peb89c7RG1eAheZJsdkBscNATC6PT
harold,5X8aFRaBN4EoZUBuCMnQ62mipA9x8KYC6hvETkFBbiWJ
0x_andrew,5aEebwzgXibYaC47bqijpHZY528rHwC8qPrquzfWxF8z
nick_pennie,5aZZ4duJUKiMsJN9vRsoAn4SDX7agvKu7Q3QdFWRfWze
straussae,5b8MBPkrwjDCeYamSCh4YtZUyUj6t6W77KuVuPEpyxf1
padaria,5d5mYv1mwumVYtahMEb9LoPcqw45hXiiDL6uLiHE7Mqy
royal,5d95ZghUcfxxnom9WJL6yJMQ43EZ3BWTts4WsQmZssJF
gzzbzz,5dJ5kScQvoN7YvasMkEDHYxwsQvBXcq1dp5UjuX5s8D8
dynamo_o1,5dxuXUCcreNeCoGXVtrBr1FvDvamSJe1byS6HjBweAux
0xsteamboat,5eVdJEwWV9K5tQDEG971tQfTnUXyEWHbW8g8oox4H1AW
eddied,5h2R82mAiUxrMQ84ngrtLkA7DPsE6J6KmFpAdua8cj3M
kovtunyk,5iMXYYNLbLoN86dHiajRqw7ofFFFVMH3RGhAAneKMx4b
steveluscher,5iU6zaUxsXbbmRtxW48sZZLiMtQcznBTdufMov8dd7MH
greengeorge,5irNFmULULd6SdWpVmw4eNzkZjiuyw4wp31aEVrYXJ3K
cosmic_cosmo,5j9bXmp3wV3ZyCburHUD8zWSonEaoeHhvzqSWiSio2TR
hkhal2,5jjUHEphqKe7T9HXQxpu5bsoVZ2mkfbHx7g3LHcA1nZW
snstrades,5kaczJ1ZBQ1pamvTVMjnXvZRvd9UK4ziETHEruJUdQYD
pooraf,5mSKZHfRADMa5xXMz3cHpcAEPpfNDi2v3cfwzmN9J5Yn
richlads,5mm18YuQx82ZNoumnH5JGDJXYwdjhq6ufuG4tEo9Xixs
yunuk,5mwK8AP3qsdnwqcNJhFViBdnnxPg9pDaG3yhtvUwEFqv
etrox,5nFqC215rb1cTuB2R67b9yrsxfuu9UAyZLkfhN7jAiD4
braunguy,5nU5wpJ4u4Uag3LM3XJnNFbUz2pTrgJEP3YZtr2GPrTT
plenty,5ptgCkxem6Pi4KejAU7pRqkWCYkDxLnZ6ZvsESgZZ7cm
habibi24,5qzdqX122GvrKeJRGBdfKLiqA1TdViqvN4Hhm1Y64RkL
davyan,5rbBvCD4snFicADHJkYMkos4izZLKu2B8HkqHRhA4dMn
kiwi,5rgmgc636KjFZfuBMSXDcuFUGFaoE7ZBkCqB8GsULJ4y
ikons,5rijBq89VBESNfzqdnJUE2fcVxcvzJgddjc9pupLXVWC
cdkny,5rnZso6bMv59js7mw6xyDsWchAxCzCkNRh9WAsopycJQ
gsus,5sRJrSbiLrAfAJJZ5L1y1MGrVjYjWyQzdrTHYJAk67bK
breezey,5spPYnGHwZx9Cv431qPR29awWLDDcJg29356TsPW9q8n
clayceth,5tYbxnRRdEDSeXwwbm42H13JJWoTa3dxjLGJuLmM59fY
abhip,5u5s1aycTa5PTzKDbU1R5euazx7frdfWAUakABycsqfP
auresters20,5uao1AWYXKA7zoFwmfTpsWKLr7NQKdtuQR7Go1Rv8P2J
gervasio,5wZMN8QKQH4w4EaRUBzwaU65eeA73rUbGefqJQJ5mDpB
aoliaoliao,5wobZre6WYQQAVF27a5UoJeTEeLbzZKSaWjB2ByxCaky
solcharms,5ws4sBNLzCHswFwTdTuzXVhimeUtmksu5kG8KbeVrtSx
b0k,5zdNd1GAJPZiEqrfkE28fA8hVtDTA2YnmPyUY8r8TmwK
kingofprussia,5znpoZacDbjfH8XCXkMGmhCAVmu2WpVWWvLt55UbYz5Z
alexaras7,617snAqfCLkxo6y8x25Ak2ACxcQ4tdmWmwXq1VE5Z2JC
anduril,62K4bH9CR8B8Nvj15jwqG3dferiYDTHWpYG6QQYDkWJ
giraffe,63FoWXrkkgphxDa2hWmd3o2ddLiK1XedaWhgj8K4UA1e
srinath,63iHTDYk8dresEpc9dDo89LUqe19vQ8k2vSfS86iEy8w
yug2,667D4iTaFY9YMeVcqmXJvLaFqwU4fQSmKPHf32HNqqGJ
miguel_am,678qjGAjbr8qztw1vkRrTACHMvmBpTCCjdCLeK2vHpaL
loser,68gVM4kjmSYxT1uJW13rYSway8uVLUdcLa7sJuqHQaAf
jemin,69CEaDquzboXWbQLanQDNsQMNNwtfyAftG2nGXhfc3Jz
mcbeamers,69CQTfXfQjDXEhHqK9R6Zs9hPPjNjP7Uz29UMPFd1YJy
matthewliu,69X4Un6qqC8QBeBKk6zrqUVKGccnWqgUkwdLcC7wiLFB
originalnil,69ohBtdgJTSMmxDSFsULEU78Vk2He9qqJLDniPBnVPUV
riconico,6AsJUAhZrraaDTcjxonFfTRcVPW3EjQkR2rZYni6QYUM
hasnatrao,6CB7Phy9sVfniqKZmNP5ndGvddjq3NZH1pikZfhMjgDp
ryder_,6F1F8UNjRLLjpnXiAQnLwjT75eau3grV1ugXdmE3DA5r
chikhhhh,6Hzvf5JCZxPnjRc8bTQkvQ7S7owMVQi9pzgdeKcaPrPe
aaronwelch,6JWvmCmp9uJHhVAEUMBiNPB5W75Lo72ma4z3kPAzMsuE
tfrost,6L9X2nFTJquKL8n9UA3WPbb27KCru4JKWKdCj1WuwSL3
miro,6LihAhP7EFpsdU7TZiZ22yzZZd5KWbHHgPnC1h4GVtjn
greg,6MujzEjU59mViBW4NzPLGR9JhZaGEAs4JCXQSKk9jRFA
eggsquad,6NB7ZxJvAUDy7zorqu9M6YXto1w7o7DiuNimsrbvnjaZ
cryptidsol,6QQWLpHx6iWECR2dSUwaW9JBWEe4PAqiZHDrLEsemuvM
elevatenfts,6SCR9bAa76mx22dGBJeaQvQayS7iEMS4msJihXLYLtYD
pete,6Sa7DZvnvvUSCrHVyR2NCc7aVJeShcSnXwnmcgpnS49W
apezerokproof,6T8qnM5SGvcffp4c1bS2fcvARkSFg5BnFYfgFR3hvxYF
dkongg,6Vd1hsbEN4Qc11UMxeCq76aUPmoJ2U9bsAdzphVZw46o
mythg,6X4aidY1dHnYmwnYWo4pAx1DLewtFVCfDgTL2koaYqvg
vall,6XCs4GexuR982yB2LeKjyK75Z85M2GggTBpBSFmWQpKk
twan,6YDdP7g4btjiAdZNfXLoeTPTwX47KrAjTxEhDW137uy4
vahlimo,6Yukd1QUXcpMk2sgCML6C8KebHYGQx4cS6BMviwH9rBT
willance,6YxuiV62HwVdi3vHy1v26fEesAQ2WGat1B41X5wBsP9A
genericname,6Z4q4BM4tiq7XxXKk1BNbvUaMw6yGqs5Uz9C978ye7wp
micidial,6ZHah8uCax9KAsunDwuPSxbdcYXXKnX849eexFHfSFce
billygoat,6aZ7R6zYEd1XJ4J6TiMjmDjFf2zSjQGqASvzEwmVKHd7
kello,6aeubwaxk3g211JkdLxq7c12geGUNLWfSMVDLsUAdy4E
astralzen,6bEHV86Kwxvftbj6UvtzqKG7Ar9h3UwcQCyUYd2CmKJR
supperciouss,6bJskh2pexeD3dPkdDqZHtw6dHtJ1W9jtpRuijQMbnmN
nate,6bQ3a4bpGNAuLCLjGmrraMfpyPDeo9w63ALJp7oSCkGi
kaan,6cBDhNZZHqdCQ1GyM79fo3nmoCtkm9w9FRkgm9gytfUq
adventurer,6cjr57Wyjk5VNH1xRQEacC1gP9oy63E8UeCV7R11GCPs
sweeps,6d5b1KmteF54xCiX9RqDo5j3uNRA33nuR7oMnaqNpF7j
cortex,6eQnXaKwcQXhGhMgKzit3NkmoMpei53xmu7JJHa9VLsq
ed99,6fHmLVkFnTTmGzHXmhe7HLtrTgzeeQZQozUrcmFEzqrM
kidstv,6gAed98iGb4qdFvjYxaLVh9vujbAk3VUdF4uKN9L1d8i
0xhoarau,6hQ8X8WnBLCY7eWmvHQdeLGoqqPcmWybdf33cKaHz2Mm
dogetoshi,6kJ7RShwA5L6BsVTmCGAfKZt32bZsgMBkVP9C25GFgsv
marvel00s,6m1FaQhzJMDx5dcKbcNrM3cxDw9yUjXU3f9KeiZ9xWLv
mael,6mUAKyS9YUr1ZnGMLCbJ9AsGkKyErm8ePwP3FbLcNS5h
cloroshi,6mgYrRSzzAY1GcApeiU1sNvc5kFgecixw8xwMgKvjBG
deepfunds,6nGjbaFENZpffvdvHgAMRoFNvrp5YqMNBSbx4abmGD9C
w8ey,6nMEBLxqPWNoTU6XLymoNCfa9QLt6Y1wkvEW9BUWfBXp
jrej,6pTGvmhsv1wfqbPx7ZHb9GdSid6utv8SPjmprDnqUj9P
gloom,6pZDM2eBGVjxA3QnJ4ocxs6Xpqoqn7MRschkNGXYW5W4
pajosh,6pjwxxSFW2Xgh7muwRR7of61x7MVkaYYi8EDBwodnXzk
aiya888,6sSfPGewQkgDw3tfmQBx15GHdH7YkMXhZFQGJssR9mUb
dango,6tPF4fJxLZaGFSW2DXeFBCoLaW2jeuiiF7xxv4Gv9X8C
tdl,6tiv5MvCPsuYy9sukCoMrZ98tbnjLF2kUrJWwh7xSXK
whenbag,6vmyZy3nNroHow8Q5krw95hdHNVJGtScszLh48vGQtSy
chiiii_nft,6xCqWbaxpmHyrsatJabfcBsFuZLquY6zHgcot6nr8xok
hokage,6xb8JhMW5j1zZ9Rdex5wRYpjrfbG8BzM4BJ9wNn4eRpV
mxuse22,6xvVkSG6d8Po3S6vxJXHj5ewev2BjYz4t3hqx6YLZFaX
dubs09,6zR8YqvScoxY6Xe14pimoHUuanoWon75fctDS1Bs1MCN
robotventures,6zRc2RqYoNUYNqBePTwhwxy5T5ECAhmxyDvjkv2UYRDt
hoyster1504,6zpLhA2ezHuicYY2hmprNWPtTtUB6R1WAMUvYmdvo3zk
mrnikolas,71Bf49eCFF6NY5naKt5ySxgcmraUrjB2ypPvatP8cdGM
constantinople,71addgLTg7xV8SoEcPYQPfKNYUjssnsotJ8wXVLUZcPr
nefarious,71sPaKEmpeZ7mkEsdYSHRQHJC3WsvZ5zsEpr6H6HpQua
senshi,733zvyZDRewmaC87SedmFiwdtmfHPyNNUNtvrecPJsZW
sunslinger,734bdC9L1YD6FDLjuHdr1wNHe1kHtqQa6hpvpAeDdqA
mashedpotato,73SWwqtofZpB7HaCTGKBavgvWbyyNZZ5e5mig7MFWJN9
inglish,7461XSpCHbnj9Cwi1mekwJPj82fKS6ZHVhgevxdwvqs7
lukeluke,74RcvSoRjEmmZmQ63rBQo9LWe9A387ZrTvCHoA2DfBZn
leon,75ybU5sJ2Hj13SNCedxM3SfKj6Uk5xPhuj7zwzkn7PGh
pareto,7721zGDMFW9GHLXywdadSnBDuZwzSACpUiLjAEEQsagr
warden,78C7am3SbbiWFnNhGHEg8EjN2s3jJ8vEienVwSmtupL8
yurnero2603,78aQuVieXRjcAzVgqiRTJn97fFy7quWcozUP1kMyVEsk
jsb,78tyfsWKsBPMwefWw1yGmsj9m8yAHjm9Xwy4VVESZhxL
xyzznft,7DDvYJXvyfcKJjij1DFgyANz2HFzM6xJBw2QMyHpWHeQ
charliee1,7DJnpL2AeWwAPTY8Zp6FwL6a6CHKTfagpESK4rPVcNp2
cowboy,7DZZbjeyByVo1GVtReX6E8YZTn9HCkmVqUSkDjPqwjMU
solsunshine,7DbPU4CKDjmQxxk8nywnmqVXLNiecdvT91gZUu7XzGs2
arbvision,7DbzCFsAPPRK3hJqDCHaHgsgzdbhAkrzYXu2BSiUpkrZ
muhnkee,7E3Zc3g1eJ7ueosPPoHDSkhuHvBVfN41eXcJXWeffozU
lordytrades,7Gopb6s7w1U9jTydy3cr5ou1cyoL3sye8oUQtWVxnNog
reconlad,7HZJmBQB9ZbC4xCAWZX8y9uMEiEC9fb23dr2TMt3CL3V
tina,7K1r4ZTw4bWn9xkhF7Hd22nhJnzJLNfjdBYo6svZopUc
nimbusgokui,7KN6QMZs54XfvvPW7yyonG1ECvCY3RYdzC4i4La4vXad
sajibkhey08,7LM2GNRd7pxMWi2uYrmGZwEApmTFQbb7Leb5xYutzDdJ
solandy,7LW1wVSZLhfB5fsXparY8Sm9cUyp8wJeGfiZiSfiYY7L
hitmanast,7MYeeH2RnsDDPNtU38NyUcwq7f38CHGZAiAoAGkTRVXU
gemcasa,7MfLonch7FXU33RejXtBxUQrMdfe7AhrbgHnYqokv8At
xtinaaa,7ND1CdhR1nhuf6uyMiQzScfsqX6FUAkGz2dnCCcTHTWX
thedonkane2,7P9S18tVDxt1QKgD56RfMN52zYTWC9D8w46Ho8pp4BVk
malazan,7PBZv1sg51NdWVZ5nw7w7odorWVPJ4ZSdpDKeZJJZwBs
1fckingshiet,7RbdytG6B3wZ11PStJymbKeRFUDJ1LZQNpCYq4KuU27W
shitpooostor,7UV2c5grfq3uyzpmzXUbucupbTodPfEhHeP3EaLcfREy
eeyore,7WBXD6YweGCCDW2kg16tdAhpf4TATSd9aoMCjLnjz7XY
rtp,7WUHvHQL4FwhLnnuKxvzkzVvxuATf4KVCFTaw5jPB4Q4
moolchandji,7WcWqoX5bMB7ZQdL3QAeyCi4TxtfqFr7HYeriUPaxyzx
bagdegen,7WiGY7XKNLoFeRvTApSjivGtxx758M49m8y2qEmCLHad
callum,7YKyMZdjoerS4ceCQivrMm6akpFhVMXLhwa3MC7ez6bA
pkr,7YNBX3KpNUZbriGApeXLn5GmcKEuZkxZZU1oJHvJRznq
pomme,7aUasW3R3CsWSygyvKwmgpw4bxhExJWTGmm4TeZyFqUH
mihu98,7bWDWCCcTwSQU5HPQ4fRngU6Ex3tDef8EkLSLxedGyxX
nftfanteam,7bywMP2Kxox9v74D7u6ysWyPr32oE1qUnJG1BNNYuBwa
bean,7cgaotjpwHM7HUPmtj2GMHi8L1PeGDB3WQsS9oMowaKY
lelos,7cocDysfhJdRL3Wch3yifa7FLLrftEbvDXbD5h9DPLFF
complicatedxd,7d88HiZJmgqsyPL5qKACKswx91CRmxitJ7KgT9zgFaNe
ghosty,7e8MNX9m2XYqfc1tTadhf6sXzFSySz2ot3T1euhHM8NE
molesy,7eBCnVXboT8cMq6XyuB1UumoAwjV1FMAU7UfEnfmYKQr
totti13,7i64pSN1tQcS9AMWxFW73AAobiaGybpSXwAtnP6hq6Kx
kw7,7iFrdQhVqWLrR5SJhrPioKbYX7RV9ogeAroobWKfk5MP
temporal,7iPoDrXP8hFAJgCheLV7AFHrgmAHj8Fgh1VTgZyeeJs6
0xali,7iWiEKXhTHgthSvH87NQvCeNwCqxDth7GMWsbj7UWR1n
misterblue,7iakUZYRFcVCV8aCScMqHChc1JbGg8A8hB9TGSwaeHgj
krisboit,7ivJGZ9em9gmSb3MR3fpu6fRfhmzCdCsyXRiWdg2iCbB
ljsynx,7nt1rnsomCqyPzMVUcqGswXeSJGwD2tAHYmTjGJHmhTX
nebula,7ptHQVhtF2cmN8GjnYeY5htq9SeX7YECZ6dP3ThpCS84
n8levine,7sku3ZDyKJwRM18QijBt9H9oikar4jQS5EYw36a4oYEf
player72,7tMiTrV7G4YcE84MidkdVzzhKipxzwskuUNF7L88zp7o
mbakr,7vTYRSVqeikUxbxFAuDEF9arKSqUPKgUh81TKkKcVN8N
amphy,7wcpJbC787dCdnsARigkECgvN6GZEt7qmvH45htjY5eU
naif,7wkWua1fQpA8n1eu5ZZ7vxCSyzDecqcQZGszdEZzyEWS
royalloot,7wqHFPxACP5uCuaGpiiimdG7hSRGsNinA9BL2mDAGeK6
hgeabc,7yMixZyrLzKwjCcQX4p7ET7yHZdvuYTkKRsabAHh53pW
huongmina,7yg1Q4N8Dd8R2gsEJDdVACkYZzPvfCSAQ4YcVwJJRnPR
nyc,7zCwtMpTCjNPdDbpBNL44uhPPuvv6h91xmBKrHYL7gGt
bobbyboucher,8177KpYJn5ZG45vHXZYfTzmP9UQXMtbquicCKjb6ixyT
lobopendragon,81qnkMe9k9aycGKajKYQBG4P9kBMBZxnLTBeu7CNPHaG
san,84AXJi1eaSZ3td5rp2RFpdcUXmCmZvoYUwwzc5j55aMm
walshtim12,86WY456sBSA3k198FADH6EhCtVDUrrMQkBffyfxddrba
krish_,86ihBCg7x8UMzxLEFXwD8XMFAnuP74ekYjSqVLgtS2af
criptodaddy,88wZijfhu47cL3VoTGZnJUcZa6rs7TfkEamFp9MjFbtB
kirby,8AV6TNwb9vhYicPcfWcMCu9f2SnLtFfEjtvirvuQWEfq
pieninja,8BK9LT2wJzw1nAgpwNbDQvBXotZxuqc2K6tdoiBJF3GJ
6on,8BoANx75Gq15uKkyqNefvuGg1pYJBJpXwnN3o6nkarMR
akatsukicap,8C861wRy2WjBrnfwCnNjGvbsvH11TvyvPSVzvjMCZpLc
trungphan,8Eyjp7gA1kUwThRXq2LuBkRVygaxkLQ4bDvAsjmo1y6B
sytron,8F7ZGGDpGXD5AuPLMn5VcUsKy81AHa2nTracyJGbhfsC
zerobud,8FLo1PeC3ejh6b4suDqqPYWpPsqDX2ikiuLH8yVtEEyB
degenyin,8FwmrdkXMg2r4VWaMdxjorcXnubTDxU6FhJ6KfGR3bcE
jnho,8Gddzq24xq6xx8ZQuQPrTybQzaixCyv6Nv2V95LZ5fN3
solana_chris,8HAgTe4txJveGW38UQEtDvPLPXUFQa8pszpwZrx6aPc5
liz,8HRJDvxEBTU7aRj8kXyomaPr68KBz6pD68mQFYkVq5mW
justinn,8HUh7Zgw4trbWtWMWroxCyax67LJ6CceBumaFqxknXQu
kennylawrence,8HW8afCPiAdCyUW9BepfMpNWSWQWFKT9YcyxPvqVaKXu
moma,8J7TgefjAAqHcTybGFSNfL6YhG1sn2SNiRXtk2t4YeVi
solanapapi,8JhdVCGQDrB57LGsKYByDzHuKJEJWEpX8tEHZu3D61XJ
lasercat397,8K5276kWCmRnS1TLTAKxRznM6NehtHkqCVWxcQhzHrwF
momo10,8LPdCbu1eTBaFfNhjXDb1prfEGvr3eNYFQdnkJMAdzoP
taeyeon,8N5CJfC1WoHxuLQXrQzCxtu9dGZTmXXzKRZ28Bp57Ky8
meeeeeqe,8NasPdvsBjDsixaqySiFN5ZVoKkpXrSpPgmRFp5KBjwp
alexc,8PBtfma1iMMF6qQxiUB3BxDG86RQqYnU2WHG4nDqVn87
deciduousmonk22,8QHN2sbbk3nrpcUXwGKQ5fBfpZp3HNE8693eussyWRSD
mikeymadlads,8QiEdtzf615bQnBxruKUTJewy6pCt4Z4bYzMvSnDps9K
djohnson,8RS5WmSf6GZucMb6UNxJ3tEMCCnZjB4KtW4BvVQ7imTZ
lawdevilmonke,8S23ASDSLCCYVCW1eHiNQYNts41QX5wWfvEvkLcb86d2
longterm,8TkGzx5LHQtEcVLby8qdTm1ZFapLBeQY1BC3NiFUYCXs
nobsicle,8Vc7Kz4VKLLc7G7ZQg7fXAMJ6hUrYQ1nPwEY4NxojuGe
curb,8WJgVHgz5AY1ShXUqePfiP5WK4KBfHL1qSGuXbZt5ezh
joshi,8YCX9o63bgmVgpd3QyotKGaiNKdduk6Kvc4LzdKZfv3p
bellalou,8a6amH4aEHmQY1bV9XvBioBc16bcg8Jxu6K6gQXhkVQQ
ft_nft,8aq3wrSFQj6gSDHcmvZ7rjQyWur2vppfWaNW9QJuiPn
dccronin,8c7VbUsnCHZ6KcombvXbE4jwxLFoXhFq8R85wpiGCRJ4
sin76,8c8HYzRB3sVeSPHM3F2aKVUUuTHE2NGT8s6c7uUS4spc
efngesuge,8cAyuSepH9fNk4VVu4mSQKsJ9vwrFWCKc9XimB2yYquc
freemonkee,8cC8aZPvFStRm2FDqFNSHv4nmuNnM5CpD7MCrpJs3ATz
asher_io,8cEiWWfiLGbWGLj8WyQJTvBmF31gMGPwLp6GMAc2PLzL
nftomics,8cJaNnBdaHRcv7gQH6H9BiQyVQ4gbG72hAWPQVWxcFu2
teh,8cKtCKJeFYZX1e7Q1VHaRVy4buWJNunURgziwPobusCc
juancaglz,8d5uux8TLrd5CFBedwpCWjbwaU5oz4rEXny8JKKNKdp1
cwads,8eaAcY6ktry1XqwtgXieEu7Dq3qgoNQ3LNkHWM2MYGso
donnyzuk0,8hCDhZoTM25Rh7SKVknV5XVayBFadqT5RLw4hHxDRAst
vvc,8haGN1eShL1muSpCf55bLLjvZZaGj663f9ZfK1ghAK5h
brakk,8iMHJfa26cUSZzKxLUEcrxQR5mgu6P27gDqBgtUU6eJm
barnji,8iMVSMFkSxYYMet8QvFWMcCuPaB9MP1wncm5JVMQmht3
rodastory,8j5a9xkLEsxjCYNpSoxEqzmeb2b6jgRCJY7pusBd7Bam
bisonconch,8jUnwV7rqxbankBTCnYWYcyYivDc8bxdxn2vfP2hsrqB
0xmikazme,8kBhp4GQydijeY9GUy7jzx8rHERWUwbKWxyjScqsLT5R
wwnsol,8mf2w2RNCHz6TQMe9NLKbsVkgm676mXFiqPWcU6LNMzW
kwaku,8okkzPppbnS1ivKkRP2hXvGxXD2mrrEXKT82a2L58Z4v
polargoose,8qbTqGPMdxs1uCaysjnBYJygYjLNLbeYp1P2UQ8agto1
jawnzilla,8t3RDQMvDCNBzWZ638UetPC48k3sTKUs2F5ifJDis4Td
partaking,8ta1vM2KgMkw5rbeG3zEqag4PxuWWrBUALXLwEcmS1YG
sheefy,8uTtf6y3LJFmjkmLaVmJ6DvuRT9CFpCCjerqze6ennQz
intern,8uWh6tX1NuHna4TtfViNhrMb7yvxSSJEaiLNUBaYVJ4v
mchalley,8vwXH7FxVjDvF1FByXjPozkFrY72Cieczcg8xjfD5hcZ
westiecapital,8wqMeHkATk2Lke2sQ9iCEBWpR53Xekajfmb5Sv9bwas6
kheldar,8yE5K4Vwho9roDEU7saQ18FjyCuPJtXbAWjfBoQmgbTh
conor,8ypsRL47tt4gz9VGMpxpgsaDjcNNZZvs49GBmQsuHZJB
iwillnotsaveyou,8yyCjWx1bYGgX9UisYy9TwzrEZMGVfrvtsR7RmkZXLpx
maziam,91DxbZiqtoMYeLWJoMTrfDY1HqQ76qRpMUSR2CLWx3Bo
ironspidernft,91mTcj4amepCM3VkQtpkfuoYEAxJ138Qnv5EsQTjg7jq
eray,92ewLy2zaXDLoQdngeJiXpmNXZo76ToHf52YJiLscHgK
smokey,92ojiKY8EL48JaWxJBzQWG2hdi6QZYqun8eGAeitkAnU
harveymilk,92pyKKqo7VmanvrDUwHSKvMuxYL3R5mjkYg7xj8Gqsne
naseem,93WbteZH6nrWeHd5JT6mJE5VHbWcCTDZzzqqnpZ98V9G
nftboi,94hExYS9KR2hxCP3hv2mJfgQUXSoyJDuSynwnyosMg7p
rocca,94xGeuxYj7GSjTocLpq2yBy9x21suWNVKgH6LcWn4AKf
zinon,95RzhdwUsCncdUhMG5ncTMhjfdMdn1fm54rRFAHBoV7Q
biggles,95hgvGSzQ1HaPVmQCowjQ2q6pSH8jVCZTvfTrSPgLyBk
yoshimitsu,97QkZbERsPwaoR6TE7ndLGrsmvBcZVrgDK4UPDuLrRGv
nox,97Ynt4xtgCe3BQHRap7wTBtGaXfsKSwAKZkQvzJML8Wi
luowenfeng,97x5CCWU43kCHjfxwn4HNCBkpoEUvo7sqGq2t9Zg2Kdz
ziggy007,9AjsYZcsRfBU4yFWN5hGuyMmtU15hEkoEFQGBgmzzsJ6
gangbang1237,9Axo5JyUYuegMX7Vrz4THmedLm9U1i6JF3q5Xg5dCiiJ
mjith,9B2JYRMvyc5X5miqjfRAehbvBep8afRfExAgeie69ijE
mikkelsn,9BJeZeQnypAD5nebJHmnUNLsuLwjdyvdD1oZ6SyXhdqn
micr0,9C2VyFTf3bKLArgNmvufcSPCVNm8joh9QZuUToG6nuBS
alasco369,9Do6rpb3spu8BsEvCB89BtZKYrJHgbva5RgT5pCQYzay
vibeymonk,9DteZEHRUTk8Z4YhmtdUPNV2im8DJSkJrvbdLW8S8VFJ
0xhs918,9EK4iL1crhTSEP6P8xddktShN5ov7vRLW2FEALxbH99h
rex,9FPpi8ms33sNQaxYfG9x74o5JGyivZH6k4uxxZACQHiT
mymoneystackin,9JF9GTxBQwkK1QDRhPdHg6NnDW8TqHPcoin1yQgzZYBk
turtle,9LA3h83FM91vgDF2buD3RSdyBUjwpxeYGgGHkSTHjsxR
0xhades,9LHZZt6r3giPVzMCMMD4RjtR1hcKCzUZm8uKt18YNh2c
albertor1,9PCL5DVUNPW4WZydcmfAGyCn8rM5kMUkHeYn1aaYR81U
bubba_alvarez,9PacVenjPyQYiWBha89UYRM1nn6mf9bGY7vi32zY6DLn
drossy,9PbDQVaC34q1WMVSPBQGJPpuCmvdg5KfHz2HXc3h97p
blackcloud,9QJbxxGorvMBxVuqRCPpa8CWQH8i8VjUpbAWnBXhLE3C
incognitomode,9RvB54beqEB9ish77fecLj3fAocXVatxLkuLStMdvuYH
h_nadhir,9TMQsxjPMu6Akpn7C8LEJksnmsMgjcyUP1pRfv3ar1An
beanbean,9TRqndC9pVVRhL9zCjkWjhgxPVy2eShAEvfvtCLy1Np6
sunbird,9VSRXV2t3sEbNEk6bXtAWuKHf2meQ2x48mm5Ane5gxKk
0xvitto,9VxZoYj7UmaFTeWmMdcat3wLFDe1rEXbsm4g1cSSz6QB
tsirofo,9ZQiLJiMYNTRo6MZxdLo8ZnPDRhRk8bhrg8DfJNsXwu1
carlos,9apnHjEQ8enLaPLxP7z9VQTphWE4nWqZcyHJYocQMpSE
ris,9erQekNe1vs9NfZh7z4bB5ediKoTjY1XXcxaAaU5752C
degenfounder,9fYhrf7NrxGt6Rs15bhNjYc9VPiZukh3zMLniM4arNqn
edigreg,9gApMKnNzGMrWx3qDEScX7sbjrhzPeitZBimDt6DRxAq
pastrypoetry,9hfvBj8X3GhwM78eQp9uUKTJWWPPETe4bQ8KhrEofSDs
glassco,9iQw7w1V8vhXWjoD5zMM8MNmP5K5HZMcZs2c96us79sT
bordersroad,9j183V8DkceBL5QZD2pdX8Db5nvoMzk7ACNotWczbWNy
thepoeteers,9jonHarUSqWTM9Jf9RfdgM2FnZQaadBHf3qENh6mwrq3
icedcaffeine,9nUoq8GLE24jAhd1DBKXg3JazbV4Bapv1erHUPS6HNLN
darko,9nYH1NaPSeNX3Cxx2qtivPQxmLGgynt6QjMRUebqbj5A
unbeatable,9nzkV69fnYCPY96AyvBJkfEyJLVJqQ8cgA7XDUAXrJms
mattonchain,9oCLfp8acAckrMTU7yzrmpyuwgCxgtMKVfPUnFkdn6UT
0xblank,9ocRoQLfq9pTCCmXUbs63kFmyRCNr7e5ovvyxRyNLhbn
gillbilly15,9p7Atnr6afzedW7qjdbp6kczwKhaii2aFwfh1Y8CrCWY
bigmo,9pMj3MTp5B9eowdyELrxr7kqGjB1txXJoJVuMLppJmNE
creckedbuilder,9pPpJ8p6DW8zsPu2akjA5tW6Yw8jRoYqrQaazwLsRiSi
spoofy,9qBgcb1GKKyVdjw6mLeQU7hwLvmyL7U37hhsqvsumAHt
yamakuna,9qGz5Mh1XNUXqY1vEg5S1ZEMzPFvBLRbp1qaXwxSFMby
kriem,9qZaukpdnwMp69aMdqoophWTQvu8dfM62SsBz3x6tRnS
rizee6837,9rDsaCiXpqw1SNfd3B1boD14WJMi94H2mnPf8WVuPUKQ
fabrix,9sg76miJugG3sWpz4T4ML2XqfiSCcs26dhN3qjFfWmLk
micka,9vMyUjuy6PJKDJ9jwz7AcZGiYqv5qNCb3YhrM9Atr4pT
teomp,9xZaPvoku7upBJ6fMAYjiMjQ7UFnmtDy4rPMuJRMN2g8
amystreet,9xpgqLtmTMgTFy5WwLLSpwffSxaUc8dLDRNobx1Wzx4u
aaronaiossa,9zewcKVWg3FYbxSeGuc3NLJqnbnVDLaiW1S4Y4dUgQTy
solanasweeper,A1tmYC34Ts6oTyaxZz3HC8G7scVMafNaZGAcEJcCBNHS
fatherbox,A1zvkzKfUEpk6wKZAKfp453MEHEtP2nEXoZpbw7qSaww
anujgupta,A25orEPBqfQHCM47za1yZAW3pJmomeKb32Y45D36Ymoy
drewcouturier,A2WWNUufsPSM1SpPXTH95E7NKrHkBzzrF4GTSaSA2EkJ
aungthethtet,A3RKKyjVzUbSJP1q6DaQUeKjonvBpaE7SkLGJ93amdcE
maxp,A5hDMbbMJeN3BdkMV22QapgQSF2wEBLh8HUFERuwuZrQ
imalice,A8BUG6Pwzf1gkG7b4bZ4cVVKKwpej8VyTsnVq2kCgtL4
iorinft,A9xDZXNuwVVdbMe6FfD88s62zdmW2kCrYne9DiszD4Tr
dreamkilla,ABeDFiV9GX6dqmseLXrahdTc5JidDFgNVacYDkk4gvAS
madgxx,ACiDHb2zjBY3jWRTRFGG9m3KDzYEtTns2KYXfpK1eG1j
obes,ACyBbjMeZNP2U46nJU1WCAb7ecVKQRpZtRHyxU53Dvg4
0xblackfish,AE6G66YP8y3QAWz3QbPSMQYL7USSdiWXXehn58ANJSmG
cosmicjade,AEAgH62j4CwA64nT4tojvY4LUTWn7vN2v8yRtVaj6t67
gobbler,AEGyt9hTzNnijuuMBnJE5dSZeCkMnw1JPEMLhnAK1n2W
michael05,AFBu88LbWWdBwT7u5zKrLmBVELj9zHQHnpfDg9LgM3QP
0xdybaaaa,AFsU3SM1ymeCeHPCVyE3yLSzjkaVfeXREJ6XYyWoJrdW
kriskd,AGSxHPeU29ntH25bG8HPXNT6wbuwoVi2vus72Vx2uvyx
wizard69,AGnBMQs9aasJ1TuiyPGp5QpN8NsKoojHJL7a1vRz9LEj
zerothekid,AJ8xQpGs6GHFvDZ5iv3ByAcwE93442WhwWuARMCaywv6
zek,ALFy2nSFykbt5jaYqEe3tD7nPRCRpZaFE6rpHV8wh3tH
scottdog,ALTLqmZcbSqUkewXyHqrWZZwYHohd81Ph9Afk34jtij6
najan,ALi1qwJQmtPtidVKH8MoADGc47SGvpLdkj1h6VvTVrdr
mjkid,AMufp7u55mQ8VxNCtE5Cm3ufCQQQvxJmonGFo9SfU5tM
solanaye,ANDnNpCQpbCx5LxTFS1hXsd5qFdwEcVNVSjfg9pRMN6Q
neilzer,APHbPdMbw4anbU8mgkyRiGhhBcKeQp4bEYTw3J59aWDn
bagabr,AQ6wwXzjkxpUMzECPEzyQ9tYCVaEdQD2LnC2sKHQRp9Q
cyberignited,AQdWdLLAck9ecCTRq6DbirFbnbfyKdmAcCE1LqY2prdZ
solanamonkeybus,AQms1rpTTfahX6Werebe7tH7oXiW1jBVBGEK7Rwdig9e
0xdeadsoul,ARrJZjRHwNtSFDEqJRG2VFmnrN7xQZsx3zaq7cJMCrVD
psilodelic,ASNsejndZQmh3p5taTGEQajzD9Bed9Skx68ETQC4mucC
baikan,ASWvd85NB28XcEps1U7VaFxzYZCsJKwFJb7U4omaZj13
kevcode,ASnijFQkynAhwN9dqCL4qF17zXCLv1nyCGueTeH5huxX
natgpt,ATdj5JoXLo7WVAK9TTNhv9Q93NsGfD6GGg78yfDqKKV2
ooga_mentality,AUuB1mRjKJ5Msb7SmgdbQofjeTkUptHxzFMU5fUrCegk
connorr,AWtswyUPcpGGyfL47paUWsEzHV9ZvR1haiMNEsNRypd3
vtor,AXFrKjs6XVsZLUv1RepNjTSv6t8ARDvjqFWGH6s2bkqb
clems,AXXxoV3ctBL8j6XovwcHxKfKSTrJBA3royY6fQt2ETiF
ikejah,AY8fs94sS62ZwXGMGNcqnN2a519Pv4s62eWECkvw7a2V
lilmcguap,AZWHayrNFWwZqXpaf14MidKc7X9Yra3hSYsXew4cqCbB
dan4lmda,AaUPWteL2VYausUTxCMzYzzrXMMDo4ceRtrU3LNHEqQF
kkb_mint,Ab4p2LLNFBXk5UHUd6ryRmoCjStjUBtGN8Nw4pyqmwu1
taha,AbmjZ4Z22yunAMF6WDCsvLiYD4nVzdsP7vW1NgNXPJg9
shoeonhead,AdNweQN7i12uoaPNNJFdmk8DvQC4joGdkWtfCv1dsJVf
kamil,AemsCk7xyh1fCWxMR6TtTRRQhUEY2viAetwUmWUvMpqz
bonjourkim_,AenvVSpaoMEb7eqUNxkRWgpYX75DY3x7dzPeP92iN9hw
yor,AgwdLVQAzWPQTQh3YFW2Y1VCiZfNJ5nwW1EbmWKPRpJq
ashketchum,AhZJDmS76mq9afsFvhxjXNNBcYU8j13i7mBG6w9NmHUw
tboy1,Ahhtj97GM1ihj9iMz3Rm4GVDqNaV1dh95BVDbjMCiUi5
defiant,AiwXjxqGyZXj997H9dmHZ73i3vbUArFAm4tTPM5FmWBe
hadz,AjBuDww2uwKr1zs15oqgBuAchSJjE6Eg6wBMCmHPdiFT
jackbone,Akgc8t9NUnkQuayPKVBa5xiXRDQavxzie62H2VqEN12b
niftynicki,Am2zKiFvN4S3fo7KtAu3B9UKHG6iZQuMWcx9oyKWbpFc
lmpr,Amqe5mKpehtKyt7eGvFR8wn7CeuEqZ7YH8vTBUfvrYrZ
l3mureth,AnAYZbvRKDQ5FtqE9LN5sARohi2ZhNFNYqTVMeYFTJ5A
chillhart,AnXJg9rz49S1znFokCVPiQyB6uJkVNMqRpoviC1wLAC6
alphon4,AoiwKxHZ8SPqrrNvRJEQUifNoFjBGbQRvVNRhHMMMYAS
natalie,ApTv5WAU6VHAmq5cCwWhL5KgXpWaqpHvAw6s7nYoeig
perryx,Ars7KBYnE4Gisr9Pxkwsun78VRUHmmXUXq9mfQSecCKP
brodiet,AtDDvMa8pmx2qGRbd9TwGF7LeoJtcfvxZVNQqs1P9n9f
sariellau,Auh2DLaxXjFAetZSTfZcMbZv8HPSmv1yziZPmaqnT7Qa
yusuf,Axax1NkB4NLNq1KZt8zmJ6jXog72WfXQ5jiCtdDKGsG2
budaz,AyLhzjTAeMV9BNxifRNgo41kjnxs9PM9sS7aJn7FndXM
trilldebeest,Ayca16VjRU4VmdGLV8DMXTv5MuVT8A2Zbds8jDKozEU6
luigi_vampa,AzTeqvo573HzVfRVhKJ9w6wpiAoyXA2WMwfzv7RPcUBr
elewitt23,B1zAiuxNrv8RTc7dDBoAihXEsu59R7KNywkRkw27J53x
bisontrades,B2Q3gwGddMEMXc621YWKXxobyN7pwBarxZ2ALcDyHq44
leosforza,B3sZ3N4mat1Wt3a1YHeCgCc73fcbtbpPNszt98G1Q7Gv
constanta,B4fdRCRH5Re7sJMXGN8BLb9rjfaJLFurp3fccsWJwGq8
corkiplayer32,B5Wb8KEmcm3rSG1pwpjNmNwUt6WZuveKurj5PZS283AF
sinfulcrypto,B5hkR4iqacaTFBHXTWusNfeD96iTURRgJvQYiF4z4S8M
sigma,B7UkhsnkrGvrYHsBemfduKBpbMDySXdXUurGxDmoimjs
bitboy2020,B7ZSvxa3jRoPci5xz6PFAps5Ho2uqdki5dFNv7ZV47bb
bo0,B8cFscrs1npLfhyQvV767MNQ27b23hW75Wyt7tcv8nbt
icedboi,B8gQwfJee9oAX5JvLxLHX4m6U3KnXTwddeCeRCBs8R7Q
jimeagle,B8yS1UMHWBHWauZDiJbLBUtkrQCbxG3seUVehrdTvJmg
mercuryman,B9RHf6ZBS4hHdES9MwMhQjmKEqJZLskopjfCm2QviFAt
alebor,BD4ZcLFyrmTRTvQoKjg6an7ae2AdQ86mNXZoZ3GXPM4k
jansport,BDMnDEyTGyc6ryYrueWD5etGvcLkBxMaCuUxsxeG4hNe
reus,BGqe5zvcXeF19smobJBdnMVXGDZYaRP14JApfFEMgAq3
kpriime,BGwKPzeeADszdGerjCrop6ihLeAXUrymsqtEVerQnFgw
maskedronin,BHJTttbDN5xS1kmwstWaTS4sw7gFfJ3q84zWmNH6NAY7
anoushk,BHPtJyxk1B4rxqiD8FbNg6ZBQnufjiG8D2L2uHie4Y3w
darnoc,BKisvkoyrUPhbaKYiaYggaHqRiL6AdZW7h7LH9Nu6PRe
tttbbg,BLPXDSPzhXC1k98fAizv9qmPjNMBHSTA9y5c3WRLVjdC
solunaghost,BNDvcP8rVZrNn7xDBHN8jxUh9RKpMB4TFMc42ia3wZvt
skelly,BP9a7nk1GJFAeLDJL1BxnXDRxzJviHT66w6Qcznz3t1X
vitaliksol,BR8VTySq1uCV74D1Z49KoAT3k9DE3kUywJibyNNinPez
dberget,BS61tv1KbsPhns3ppU8pmWozfReZjhxFL2MPhBdDWNEm
h2obill4,BSEAJGLzvamFBC6UF17NtXdjZF6tsg5hZMi7hPiVvFok
altbieralt,BSnM274ULHz494sXSfUPUqMQSWLdbsMaeBSTCfpPsBkt
el_bae69,BVJhHNYGqDAURhRMsScV7cduRcXzoFqLww5NuAFrcEyV
praz,BVgeMQJYGEz6Waf3wz1XQSiYKe2USkLxWH9B9skt9RYb
ulysseinside,BVoHsua3qBCTkVRAJHMXRMfWULaZEpUmid9SM4hnmy4n
conan,BWT2R4c38qBiHSCN9s2Hoq5QXDw59rHGmSWbZd2J8G2F
hitokyo,BXWX8ZnTcURKqZWnbjc9uWM8PqKLFi1ZKftDpYqKje2x
pjr,BXd28JqznyUBnN8ExU6nXkRcmkPRe1ofAsBFrhZCRZHm
tempusername,BaBQKh34KrqZzd4ifSHQYMf86HiBGASN6TWUi1ZwfyKv
pluie,Bacz82wwN1p3W4t93a6Qus526UrkX9wERatohEdhv8xx
maelstrom,Bak3MY9H7HpjoiZy447sig9tnfPGMZVThRr44sR6m7TD
wick,BdXvwJaSJp2yPNqUkcnnnc7TNQYvSDmd1wdYi9TzdYLo
nc9,BdfYmMSZZ5fuDm3k1fSD3NuPJSwHbC44RbHZvKRFPX2X
jostjohn,BdohxKRaWDgvJ2WmsM9cqwq7KmGwqYvXRiY3omywstwd
hotbuns,BfHGNAM14ENo343khvgNFzbjXRR62xakzYVgKfSv3kEh
lonestardev,BhSasHDowiZt2GvXBspVAkAuKcauLRx54P4sWdSgLEy
veraximago,BiTQQk2Py8xkmmyn4ikajgWjfHidjzhy2gospcz5NR7B
orli,BkVgqjBuaXKgWpKGyQJ5kGyTPb9bNkTNACbZSCEyXsfd
eddysol,BkaGeDDmG36qNwzVuE9Kps8p1gS5YTRZ9RjEMwR9hNNo
hush,Boe2nNxtG8NxDDThzcXZVCiGNgaupEzcvXZhS7zHGd3F
bobblinger,BpJL5aZy8C5o3ZVGrx79RaadgCT9cCsxhYYvqYBERV3e
confuseddegen,BrFwEKUGSN9Q2hk9byqhcfp5eGoGDVyj7drbqRJwdmyj
schiber,BrTNWy6uHV3SugrY9BaGhVfBB8sh7nHnhrhxEQHHELQ8
vivid,BsgTStG6p5Hu1mpezQAkLcdCDdZ9qwjJ4an6QUPfBXG6
messi,BsiwqdvutNbR8rEuDEoA85285jytbiNHDoNevUyFEEX6
sineb,BwiSF7zz3RiBuJDvTjDuXVBxfepWuZEPoNfmADoN2Ewe
expediter8389,BxHTtSsUDETgxSAX1ewcHHH6fXasmXBVSNiADQVbXWAC
matchalatte,BzUGWt8s8kYfwpPqq5mR3VNFgXQkmKmH3gywRZN7nuHp
ritchb,C1yETfPBf3ZjpDXK44ATRThnbJZQJJ6Ukd3EQoQQ9Z3s
larpalchemist,C38D3Xic7xaT4MCrDFkCyf8sDJZfdseeiGtnELwcjsBC
happynfts,C3ZibcDke5qUmk4kfSi4Cxpe6jRZieenG6rbFSSdou5e
mid,C3ZqzagscYfaJDf44X2D2s1oPRWgjsVhf4zrXHAGeeFz
lilsamzy,C3mPAjg7gRHJGXECubhKV6a3LMmrQCpL9vDkzoV9Z6XC
scorz,C4jcMJdwve4rMnH8cSM798uPYy6eebQrXVRrCPnY4U4X
legeon,C7rfCPRKqmheeSEzo5XyH8F1M9yrKwtrRTeV14zgpaVP
unbeatenkid,C83Qr7CRbZADBP6e7LfS4idhKiwf9c6ywhnY5XMaufPA
pcbos,C8LR872tEEHpCY1L1Bd9gywoowS81ML9iH7WVFY7ikwP
sguesty,C8aCffRCsTANTzPt7djXyVnFur8h82oiyE6iwpasoPGQ
neonicon,C9UrKSpVu2vrwyf6rQse59e9v5F5i7qC2fzPAeaczbTE
workprob,CAKyBs5zpWLmkGpiwsqtu91uGNmkv5KXH4oU2t9qydCN
yagersol,CBc2RnnSwJikHpExA6XZrsopr2xADsw9mN9NFoZmVTKf
yasak,CDxzPk1BiLyJTxfmDsaNgW1zSPHRSZ81kCoSBzdxgjd9
wealthy_brains,CEGwi4DtELKV9K8xYduQb9wD1bUzM2GtT3tfWVpvTpsL
valoj,CEL7uhwvY4JXcLtxj12A1QTvUqXKMsfs4YAF9CgTYKeg
common,CFKZPrWTYHJkt1HTcYtz1tzgCWknpqfyZTRU5GAfJfcp
7layermagik,CHtk8gNZNApHkanJeGwC3v7kQZfgsV8hXGHD6bnqoGah
ksithusol,CJhamdPk8373uhgpNfTdLSfG4PXtCVeDRzZPc5xGi419
ayban,CKWh4gaJTi4jjABGWK7JH6N2eTsiV9ZfwQUFdY9tAvVx
alameda,CL5njhHSZ9kUgzrgEr7q2JkC7cmEGLFr39gjBF87MgzX
allen06999,CLmiLxe45zBpJH6yVx6tCT7bfwb9imZkoCpmWxM1G6te
paris_shillton,CLyAhtWDDzgfNaeC6Bz37xZtwQeyqtKmFw9S5txp2t7c
morguy,CMe61hbMHWFDkbdxfk5c3Ek7KE98y66ivjK93UVLvSLJ
debeat1234,CMmtCwHfvDDHEFdvjAie7CHsTmQBNE1qMHS8cqFviMKM
chris,CN5zRzJGNqp5GNyfWjwSKeg8BuG5XJezAHMHfV7e69TT
basedcharker,CNWWizu6pxkCbn8KGmxgRZPeFhZNgNkJ5rM2mqp6CyUh
lilglitchy,CNnoDu29oTsTVZUDYagPvHx5LALspagzBNf94TqLXdF6
geeg,CNp6jyEhiuLjC75sjmEYDrmoGD8iR2S3FQUJDNvkRQQV
mrmxgnificent,CNxG1nt9RnUkzPdfiPySxiNnx8P836KBzhMqqf75xT7c
solformby,CPwwVPviRMPuNmFG6rD77uzWjkRmStHSbthaW3n1i9e8
bernardc,CQ47dPsP5sicH8hmU2yabhjw2GF2WsSVnbw2fT7QBDY7
jpegs,CQRSkwkLPpA9J1kjuFyHosxzHk81pExbnSLMtz7YcqiR
yagiofcanada,CR1b613aKFTfbc8oq3eWCMAJdDRHVcy5gZkR1AqXdPzH
g0at,CSpKv7uVHNjmUq732FnWo96KxnTngdqPTxUHPQjT7wWa
jetpack,CTB3jkeM9DLLiC2Wc6RGT3wvvpK8HHqcYVS4Aa2TAym2
vifi,CTxbqkugESafrdiNhrxCREna9nqqFxqTZD3sSBBh2Wkr
lord,CWm52QD1dXvpKZnDUrdczY4gP6Xy1nHJQCzeagrL6JxD
cgm,CYEPuN5wUYa89yMXqqdCE1ww23oBvKqxTTbAgWqooZ71
thedaz,CZETuVakzYthTZ6ZSeWt21g5aGn3RUoRffW573koywBw
kadense,Cb2NRCPohbwsDdHUtBVV4jxD7tdP3JpCGmZtwPjXDwsd
walk3r,CccnmELA8MB7UoyfXNTJUBomsMdECZAYkb3N3NMP9Nag
moojesol,Ccx8N7d9oZ2skw366cu7FYehJdUXBU4FrgCBkd7QPweC
polishmikee,CdKLqykDr1a6vrtMmPRfXivfUyWTp8VHBtR9dFqKAQCa
kenny69,CeAHhK3keZMC3zSn9S3eS36FaDCa4LBmK2WtB5TD1WWJ
three2roots,CesiCZXx1FPp4hhiF2rSVxzwJd8GyWE1UmkhApmDMFW7
jtoyts,CfL15kDkj2nLRoHitQRS1fijHCgQRKPZCwEt3fadyCC1
ahkross,CfneMnWqnibU5qMzwkwj6moRKu1n7tNrVyUqKK9P3tMr
bluetoothwizard,Cgie1k61QTjFpB7yUa15SmyUMPSkgPkPbwTk2ezcdJ1w
fomisso,CguUjUZXNJJptxN2x4TMoHnx3cSFmBJH8b7zBDE1n9RU
degenpapi,Ci2WNTEyoARfYKTB9R5RSGNpZcLkq6pPoz4RqTLesEJ
ballers,CocYadUgRso9mXcaej67ZFqt5NUJintcRjP2WwRag4S6
counter,Cp3FYfDXK9BSqY9KMu33UtDNJ7yqArevKz7ZjXMFCaYp
qiobi,Cq72Xu4EtcxfkkcL44rABTr2KqRAN8A59h2qMg9sZJA2
fastedward,CrrbWXE6AGk12TPWZgdUzPPFEK66nMdhnreLfY7VaD5d
pops,CuCEKrqyuvpM2RRFh8GJ4GvQE5Tq99u9CWSzZ15ctDiK
homiestark,Cx1htFPmvxC4EpFPdQGrUebQJz2QidrugdcJxJpEx1iR
busybee,Cxu6LMJgbZFU8xLtwSTNHx8W7MDSzuNZTsiudysrrcsJ
hannibal,D3eQXVQuXsNciMrctGnKVHmcmLLEJKAhKNyJXJfP81b8
_nrepesh_,D4NnJ3UU4VP9RttDbNa3dgFmNWrEaDAFvNau44S5AF4h
justt,D4QNvoSqUzCeuxXjUqsk3Azjx5eSTTZa2UGg5CkCK374
senseihercules,D5WomeEJViHhphx5XY7Lm6T7GhbjVrsoBsbSNJwZqgFv
beck,D5yBjfgcm4QRuP8UsZvMJoYwpXzQKZERDdAxgCXqgS6o
ashraf_syed,D77Jk7KfBKWrtMfaZDLJTLhd1dFac2YAM6CoiwzSYnp7
mikael,D9u4HhC49LXvvXiBexnUZ8ZKAqWJTbiNRwh2vm8jDa8j
sirmac,DD9QjzQFfKCAj6TWdoiioXB3Lc6Fgaa4EbiJGQTP1gqy
kalazy,DDBa76Hxb77N2UTBRctPDSqwLmRhKV183DZvjTFuUkSs
prosciutto,DEQprqXR9TSTbsqE1s1ksUhT1UBzPF88qwmQfnLVazoU
ceh,DESigsq88RvWo1sFx8vT8vMDFSUrTxWp54zWHXYvH6FU
congo,DEWm4fWrfrV3Jz9YXogX1FwtNy5A2NASiAKvEUwKhj1f
xaggaz,DFQ3NHSYwK9NZFZ7AELEaP311Uh73dRsQJVZRVJKqZGn
whatchamatcha,DHCGWZmXTz2dCwCwdN7JJ1pHpASFGvDLT3djfqv3LeCV
jimca,DHUvixZpd9LtGzMjRpeei1W7eohz1CDPaFgtXod9eWBw
savethewhal3s,DJKNiRn8xUVjajLeu8RcVaSwKezHmhJXjHTCRR7382hn
mayggoo,DJUnzjYMA3AQogNHsuJF1uRjtvgKUksPz3STs6UsTaV4
regalswan,DJZr3VLhhAKSoZmoK1q8FYddjstzbD3rLHRDWqznPv8o
noodleboy,DLmdnZjXn9hKeF5VxwraGSdUWqxAQvFa81StDRRGrDwk
mathic,DMuHJUmJpWeXTWW8d9M5UGKFa5xLmUqbLtNcc5RAy4jW
solcoach,DNBsTnpUVTvWnwGQ9jMXUtNa7uVtv41fq9CoRDp9h13r
swashhx,DQH9cYG1CFGs1G2W6N3j7LBNjS1XnZhsdYd1jDNhTpcd
unboundtrading,DQfYKbzjjiGv635xaYzPxBHA8qfXeFx7rHRh2qgq5nNt
logan,DQfbmTFaxB1rUi2uRqB9CfGru7eQWVMh83srLeECAZN6
monsieurabbit,DSGhcEJPQb3YNw556wTGuNjp8EbjfukknkFAVZv6KjBw
forceone,DTQ3uKiBHo1JS1soKHV8awtCWdtSuDWpKEPGy8qr21Ui
nftdoctor,DWJ1uUxYMJiveD3gZonujGkt7HtyaMz3GmtqmskhZ57g
pxl_whisperer,DWRe3M1hr4qpcVLvXsiwBFgauima5X3gMQMtR4JxAzSB
realcryptologic,DWznVYUfB45Xpc5D1mLhhoTddX1hnmrtymZzxdGoWQ8j
mift,DYArGApaA8xaeCp4Er7NYhEW5utQTP8zxesjmXW8UkCd
acidbej,Dayd7o4pRTPDaL4nfMoP5P4rBcab9WKzSSHJJMDr4GmD
lamb,DdZWhQDsbhoXdZMfSgbwnoZp26ZG9QvihguSgCqkyzSs
bigvig,DfeCV7cQwRygnpUV5EuGJYZy6EW3ATZXViHMozd27o6d
fmtuncturk,DgQmTEKbJ6WWfcJUaP1q8yET4Vky7Ki7i3uJsD8aL3NF
kayz_nfts,DhPer8Lvtb8VjX2ege2xmrzeQrTmNJVAb2Fiz5FTJr4a
empiredao,Dhnr1aszh9Fc1n7cs5t8MRDwQ1hCHFoF77DNSNXHN7KB
0xpegasus,DjMEaYZ8YrbPfSuAVyVBbWiFc2kWrJVRuzdr9VoY2bpQ
pxl,Dkbr2KArXaFu9JEV5sEZKUm217mCBHaGcNuKgwch5pqM
daliallamar,DkhTTbZQ2t2hh6Bkcs61fB7SZDGDSSrvPEJH5pzyoYRJ
islarose,DpCE2CQGYTkqHQrrM5aGugE9WC5cRZu7uEoLubN42P8t
mme,DpjBsJZGK16CUubP1xzhbfC1Z1XQe6nuGb7LTzDYkykt
grovest,Ds5X1F2Wz1nhcarPW3u8tn4TiEZ3JHqC1fVDd56iZFmn
banon_f,DsPmXAHUu4W4e5DBU1J8QrXDbf8YXBbDwgee6UZP7swG
tike_myson,DvQUSGaHpgPKtVwqEEmUuDzQ5MGJdCAkkJnm1NfN8nYe
saph,DvRr1fvwr1VDdUqV4AbMLaMpPWwBpnmvKQt4fR4sd2rR
brody,DwaSrV4rwe3Y6qs1SKUwCeQQ33cVp3yMryZmSpaYe29N
behemoth2112,Dy4mo72uHLvcs6yN1vcDnDs1j8AcwBw4jsS9QDtwi8Yz
nt_ape,Dy8co7t5GFHvE1ZhZM4NjgzFHVEn83VBrf5nio8NC5Re
mundz,DyBMTRZnMAtiL6Vg8pRn2pyYBDfMoEUzMjLsorzhi6HN
target,DyvKV1eGmXnStzyJVUEbuhFde8xGw4LxjZZ7rfNEpoM1
adi,Dz54Mg9rq1NzwmApGF3qt9vP6CVvVhNQ7ffk3dmmCeki
trentino,Dz966tcQFcAdawBogXMkpRVs941M67S8PRKc8DpcVQqv
izzy,E4Gao5Ph765A4Z6bGoKtfWz1LLvYMVf3XmWJSKtJHHCR
heeeeeeeeeee,E4oyNcMpF7iWiJkX3RoJaaeNBXb9eEZnRSw9G3uVqxDV
lorepunk,E6AqEEdiYGrAQHwo8E7GRuLcmMB6PVKYRRzo62af6pYH
sollukang,E7LZUZRoi3yBGoJXhCqJ3JxFN5HiXREidvvgua1ir7Xf
rsmall,E7ZDapHM4zBAQ56uDRD6JezS7C366KFqR6JSs3a3dch5
linghu,E7m6fGsG2hLRFbeesZuW5zZ3fW1SNfSHikCzBSrPgAAY
0xanunnaki,E86jKqgwRKTnKzhSMvEQPHbyqaV3DcyeQ6iGHbviC6VD
saimis20,E8H43Hxfjq2TDcryVjCqMFMeeGFZEqP6SWJE7eSSNFQn
jacob,E8WkhmtYFmzd6WFq8Pk5pb3zRjkYRcqfWZXCBE2UYJM9
cotorirane,EALVBPVj4iAdivQ1hA7J1LRr2WaMTcZTwwLZFKA4zh2C
nickko,EAkzNKcYo7QTthXNwz6ofZBV9DcDPZuUUHuKZJipQ94X
firegirl,ECtfkX1F9HD6ejjBUcssyks1UNT3nGuV3hH1NG3jM66h
thecryptodoc,EDMhcZhB8YL1a1Zr6SdXZcBb5kCfNwGrjkBpgRA7vNoP
brady,EDfKKM8eAVbgNXVEKHLAQkY2an8D7LEeoffFB3xxrUKP
justin,EFpwHgGMkVDLrPxTfesRygCH6gFTo3n8jar8nAabK3j7
pdgasman,EG4SFf2uo29yU4GaqR3xZVLaUWju4NDYDFeRH6fhgJMa
aronvisuals,EJhETEYqjkq6PQDTLPGEjjVFcznHf4dXFYYFsaQ3n9wL
ruygye,EKh4cst1eHbKY9rz2hF1yxU6zBahGScdPT2beAdHDhV
enjami,EKjSTZ6LR12nJE8gcrRBUus6UEZS2FzQWhDPYRruLbxk
tensor,EKkvrZUgh6ELA2RVy6wbENvbaTKPu1ySUKTQJWbsLJwr
treasuredad1,EL3EC1SMM6SvigVxBZy3s2zRUBsBAmgh5TAo3ZpRSPHy
ultrasoundmoney,ENcp3MzhdUjgcgQ4eBn85ChRq34FEqSfRn6yNLoCundi
mamon,ENfaSrBxPC6RcmEL3cyEwwVigKqxSKgsH9zMXyWPjQTa
raest,EPDqsqGAkhnnVAw1YzR632x5BUodLaLtjyg7AjBkXbvZ
krirn,EPhu2bQ7cQnqxagJiuvMgg31Kvwe43686AakhZbZZcej
dilly,EQEiaMoXRy1LdfuMkbwkTpm4z6hwv5JTQhUgYTujwUFC
0xalwayshasbeen,ERJviQZNbfyXjsUAov9Gu9FVHCz83tzqkV1DxGPBcFjU
saigo,ERXn3rQp7E4EkD2VnaaS4xZtqBCfSqTNCjCBRYa4YPHh
hoizhagga,ESacvi26WZhDjVLz5fbUU2iYFCut8ii7eZBfCXSo5ojg
tleg,ETg9ESmsiCYV6cq3ahLpgYe2jBd6DRs9dnwahjc54Rxq
0111,EUr5dJea1E5oVUwRYGc45Z1zkEArcrtgHFqWbynJ9MVp
nikkideyy,EWBmQwbW8G4f3QnnxgT3Xy2314ERiKmE1Yt4G9SBK7H2
realjeanvaljean,EWRiztiri1QiW7gqXnnqtCPkMFDssYx5BKEAbTVjiPo6
malotru,EWXf1HSqJLFsZTQnsLQTg2SZdoA37RwCLvps4kZ5gehu
lostdodo,EXE1NZ7EroF1YTtzzQFHasAKpBKtEPEQXHVDvJeCA1dx
jaenan,EXg63rxoG23W4cJY4ApbUWohLvi89FhSFf3ysxiMoqpE
austyn,EYYMexfyKTQMWJZBRRd6EMgkAQNKLc8eQHqBEL1kFkmS
azeem,EYgqzkRuBxChN75L5uqoKAbaGhmBbo9uA75vyv9K9Mfu
parttimelover,EZtN6HUw5QhdrbofMAkRoSa3n3hSDBs72JPjg8quRq9T
lockdown,EZu6rRVhYMZrNuLksHQcLkMLJxrFxmXbAj2sWgPYA5EX
raynbow,Ead1cyxzWKUwM9r21xBAxTuA8R4j559JREVRbGzADevp
shilltoshigm,EcbhEbRhFkdJ6wu46xpVkhdrQa9V7bk5By4LEbtd44o8
chad_solana,EdFbEUWyGHJhgPL6g8EXAmN8vTpEgpfJCsg5GUPnhrVh
gallo,Edf1rramzvL8c2Pt9dHEg36g5N8CPJq7KFdwtdvoA3eH
zlatanb,EeAK1jC6SwpxKEV6TaTaNqYC1CmgMGwHmUxRTWPTm8Je
smiz,Eftmm4ZRJrWjvWPTAAL3YwrgygPmxXVJTxXDqcxTgj5F
jrb,Eg8JvPbHJZ2s9jD1RSKJK6tyQyAuVLnTSHCZQgj5Jbda
m4m1,EgotBh44K1Q1qEk414cCRWBKHTMME5iJaTX2yXV8TaPR
vesper,EjNor7xh4Wideack3M35XEjUzvSTZETt7sDbHWGAW7nV
069,EjSUh8D9zAB9zXCLR4wtrxkWpzHFhJULsSLoi8pAE9kJ
agentvic,EjnTifCJaTVLz1Nt5pQqrYMSmT5GwYYBf6Efz2mmP46x
cyi,EjvzicLQZJuUwxmABm2pjG7ZQ4zi1PvLx1AZaccwxMTT
jalexxxxx,EnTUZneT4Nu9icqKND9w8fZgLWwxdY4PTLSA24JcmWf3
ujjwal49,EnYqiB4AsV9dcihwCdcPrnE6fXZLNxYxfrzVG4CT2vR8
gogzy,EoF6yecfwBLLbFPxFYNRqYJWLdUx75qFUvVc9B4BENkv
haynz,EofHAQEQhsQwCfw7Lp6evLJ2tjvVzDEjvFAw9uz2D7LK
olympiade,Ep5NBwgr8rRinfnX47gZjmNqNgEAGaeyPxNmR2SpUgan
feraxion,ErJ9iWi22agADL1LoZ3jNtYcem6HdG26cdd3hf8DBC2z
ljk,EtMZNB5gTHdP55xsWrwa8pCxNh15zxefrzNqHZ5CyAqJ
dongambas,Eu924BnSu25SQUgLphVckuSuqRhmicFeffKmFgZq2YQH
ian,Euq37cAK613RTVVLybAu2MCgBLZjKn3NPMyMfMp6j51i
kronos313,EvjnpRRTpspDy5JYpRPKdJ5ddmxLn3kF3q7hTwQiAa4V
foott,Ew4AbDKTHJL9gQt7jLfxZ3dGoaNhM7Aujypi7PUpDUi7
imnotart,Ewg23taysNydp9mhfc9aVS1Y43GnbrEP91CJmtTEfb9Z
zorrojurok,EyjmxaPLmr757ptHmXd2RCNqhBWW5Ci4mevfbmT5vcmi
compass,F1sV1WtUuXyLhxkccp5DB3setnXMSWG8pGthtQUUn3Nq
guiz,F29xWVyQvyuKH7A95QCHrHPRS3QciAVjtEhuF1seZvkW
rkp,F2gMAJewRDr1cS39uthEhr5PpRkdCTDvFonVqSWwB8HX
reggiereg1000,F31muHmRVBYXuBfNyeB2AcHyAa5fvrDWie4kAv1qdhUR
lykhangky,F4WgKSkXwUMMnpxc5H9np2WB3E6ammp4ng8YKv6dNgS1
web3major,F4gUZDT4Cwnu3DrndThMgtK1LQB5eLQFZxn7gAXn98kJ
ukuero,F5FCLg8YnJiEyZAuLTK93Ry2BGoVa9p4ZVB7kWiRHyXR
brainstormer,F6Ubw9MAcoSyVwNpacgPuMxBdt77ZhJwpDCizQcjvY7P
lucky_jpg,F6gSZXzGBQXnCAf3oz3gU9RZpEXutzkHPDhPKvPV12Fe
mitzhik,F7oYXKFV39D63gz1J4EgRpbCzv56p5nWse5Wm37v2QPy
bozofoshozo,F89gq4Laq8QwoDPZuFRjYbiBV7Gh3rtKAQMLcYaQFGzt
cogent_crypto,F8JriLuGCpmCnGw9m9irU5Q9z7PLouiwpHcdPYbBzbua
twinnasty,F8jjydiE5qBUXznFJJncVCC94ZwofZ32mNtxK8ZP9uSk
batblack,F8pz7awdntczKyVMAd5B5xmDa99d3BttNZ8ZnJd7kaCY
texo,F9uEV8Zv3T8wNEC9BAm2JbaX3U4hV1Ym2eg3rCA2BCeG
mint,FCkXP69VEapWHcmR6PfgBWW7rKG9B6bq2gonLrWbFeFy
crayondaoo,FDSysCmPdANbrt7yQ2kdxpzCzsfKxHEFiY2y7wrndm9H
dabblerer,FFRnHo5sNRK4ZfcyVkXxAYsxVzRcQ2vmehYEAfjZbvoh
reggietanktop,FGmPasyu9ugwuhUeRVhefEEF9isAhZau72zx9cFZwfs5
stannly,FKurySyHRSJ6nbRvX5SKqtCoytcWunnwuxA5uMNKP7Mx
nughy,FLJf91nio7KAFkgEprWDVDhW6qD6nqD3tnaCXdKZ73bB
steel_sol,FLnufk8kdCGYW6ZPk3UtM4PwbnrpGPjpUn37CQPgkAV8
ilemi,FNQVDmTdmWtTaswoL9ysoyorsHZvjRbNsbAdgmcREHVi
ganjapreneur,FPMneoEN3zvaH3G43H8vJ8z84ist93g94o7oSV5Q29G5
subi,FQ4RHcXQt4mScE6VDkE8BmXZQy95SjyL3jLU6s2jZwKD
zen_llama,FT2dv3yNxSjTkF2zUytWycZCwXc68xUmLNgkH8ugTaX6
zxcvbn,FT4RJJv7SFiU7T67PFJ5xZzqWmCq7WuHUuU3GgDzSei
knightowl,FTyoPxq1QTgLTMBT1DMR2W1WX6Nur938843C4z13scp2
kov,FUJQH5wNH3cRTjgjiN8gxNuWRsTxVNGWucXJsGVVSnNG
godfather,FUKiHfEbrzMvdCSwbEyhsi1rzj783PAgfYx34w7RqDZU
degentalks,FUgxuUNKmsHVEWML5YjzaEnrVLd4zd6K7H8WbKcx4wfv
jj_,FaGE61JiuPz4zqQ17CY1iavqnmjqKe4fSyxzcgvQX885
etrox1,FcugXP9Vsq17RoTxpNgAeUJfe6tUwPp511vGvZH3uky
tonevaysparody4,FdSmwfMtxfbzZ6A7TxsCvEhJiYeuJhVEBx4r7ANA4ZtY
jonesin,FdXAC9YuJ9XnmAq3VQeUqfV1jNFYAgWpQFpGdvZdunuU
0xpitt,FeCkYZ621VfVy73EjkPLfxKKmvQ3vdtGVHVm4u8iiDGc
cryptochris,FeGJpzLAhJJoWe13EjhzY7JSdLYFtmb55jYDpowBneBA
misterkevin,FeikG7Kui7zw8srzShhrPv2TJgwAn61GU7m8xmaK9GnW
marvel,FennbLz6ndr6LJp5Hz9pkPk6bPyyyWyXNFwkcwHzmVRd
apebender,FeqZ8qhXvok2gPfc7fK3p1CHcdoNJz6afcb8fcbLYvYD
sigzebra,Feu5RSX8syiWR6CYyYnujFgi2DjNUtxsCuFUhe3C4vEG
lol,Ff7fSLQsScPDSKWbejmS8xgpXd8QpDnduVCBB5Hv5r6H
anticode1,FfG9YcN3jWitjbZ4aKFSwQsQdkHVhta4ryyqv72vR51o
leftshift,Fg4bf6u9edeke2jMj1qj9i8bVBNuVKwi8rWxVyktLioV
tryfekta,FipHP4pusqncFVMD9rRuass7JBg1TgxP9dxH8BB1wNvc
mikehale,FjDKPGyKrxKHJSpM2mj6VmWjtSGvjqZhKByMu57oPZBW
blueviper,Fjj4xQLxgEKUcxqEBh6QcPZ2wzohpoEZ8K1PtDSqHfYh
jibz,Fk4Pj6oz1x15Ed7FVkLMG6foarD6mjgTKcNB87wpniMJ
cad6456,FkFiwnbZPb83VTEs3h76M4hpmbYJEwnpjxtAXyKQe4Bm
rioquinn,FkaTWqqMM45UWrL6V2ZcReCigvLJA7Qjymr5jFHHjmML
desert_ape,FkyjAavczfTnsLbKjncL2qVvgmLjhZr559MYbWgauEJn
iam_hoppar,FmGB8XF4ViZ381kyjp1c6pJMa7bhMBdocYeoHBda6uPc
bojoka,FnircY266bkCwKDMZ6P1iGYAjbFf7TcMqs1Qk61BoBTC
0xcb_,FoCyZLmvUAEXmDcLb9U3TzQMSUD1DNpJ3cvE7D7Ncv4Q
loki,FoXsp6R5JzwKGenxz4pkEgBBHwVVjeFwpTDUZoAbXA6H
boredsol,FpEZ4x4RU1xuLZhL1BhMDpN948hr5ceu1jFbsHHcUKV5
0xmqq,FqTytZP8LWAdhXCmoQqAgfbHUTABb8GgAQeeBnSRsYLV
dudu,FrNWmFh4ReDWTLWXb17HeZoYARWthsa7xue62FjQNZGE
dan003400,FuhKTu5R3o7W1kvG3S638bHKf3ccUeHnsHw2FdcM2KtC
illusion,Fup2Xwo9UqK72uCyeHCczK2dY3fH19dsZ5oyAy4niXkk
asdafasd,FvSRBs4iEHk2uNtXfS5zWfQZU7WuKXHgJiVYy9fHea4L
gumbymc,FvpFju7XzUcj22fg7ma3fYaYCLroUidne6EbnW6fYF4x
westking,FvzUTexixT3qxMSgKAw4ejFDYuqzgNaDWEbwt2TLwkx6
hal,Fw9MUZCkgz6KuERuyRCgShb9BevkqJVEJAvwEhwJxff2
fyno,FwTR83DwCeivCLN9kMynCxZ4DtvL9DLqUmavoGfS1z62
exe215,FwvCMvYh3KSNjQPbu8STGYWfiLReRJa57i4TxPNwUw1o
bryden,FwwZLsk7bpjMpcQYqntGAVnMQnrCyWDer4J4P2R8sxY8
folarihn,FxMHJK9ckgSXq9GEwEGXT6xy3jwSGUu82ss6jeV7r39
emazino,FyuugZMzJPymTy8e8apxWKzb1GRSzQVLQhB9sPKn8EuP
princesolx,FzRPJ9GSi9ShpzjRyiEBqdpFZq7r7NMgaTMDpvGRGmg4
aaronn,G1Sccj9qQM2bHPZfWGeoE5BbUwQbT6kedS58fGY6E9QB
stix,G4BiYxK4aSc6LQfQxxaWTGH4NVRUxd4m8fNefPhRNaTW
guagua,G4XBsVvXCRbKrNyd4gqmU9zigfruc5e7LoAUhjmKdmny
bustab,G54EgnCJe4TtwLcun8scn3eLS7kaF9X4w7ZvPANKK1GR
prime,G5FJ1FVhtbveuRXLeifaFB6Rjd3oztwbqhk5oYx3fc7W
pinkostinko,G6E9yXbJRKE3m7cjGaQP9Lm2NuaaG8GZUCY6pBVg5gUo
smick,G8TdiAd2G17wGs6QGEJiHRMoQDJoHxwhpFUdpBLQP8aW
mediumrare,G8tvodemr77bae5EFzyUhF78zZAjmvUSPk3BHi3YoS73
tervo,G9xnGF74uUqhoUuifnDEBGR6zpKkrcjp3h5CGLLy6ESa
dizzy,GAy1gCRGADCh4Etf4gBcGCBqvEeKd7zHNQo9aZNVp3nt
robot_on_fire,GAzeu4T2Pd7ivdeLSU3XKKVW9gVHn9Gi7ewHcvuPBkBS
earlygrey,GBEfsJFyuZ3gLE1NzfVKoRGxHvvQWXUDtXhyFHwXvf2g
cryptoker,GBXp1WdEakKLgoHD25maZPDdj847Vi7JRSCHhqLjnfsZ
andriujose20,GC28YfmM7P1gg1gdxxh8aJW7q29vqQ4a5Jz4ahW4VfSg
jin_sol,GC7QVz6RevKKeFVcrkE9UFzgLJdDiFDA5eHVsKGscCG5
lite,GCDsLTh8NCQpeJda7Pqm17poEAiNZv5zTgD8enfZ8bfa
purplemoney,GCz7C5L3nPQ5KmgJdaPAxpxej1rFPBzXRCJvyshxtwHG
life8143,GDFAmqgm3q8mb8e8LE9R5euiGBuTVi4nD5cSwmG7uFdi
von_sol,GEdqbjxrS3aaZ2hx8gUzxFSCJjXe8scbbHKdMUghQ9d
jordan411,GGDpSJ6s5Y1B3stC2QPcyQQe1SVCGWcev3V5tm5fojeD
bergonomics,GGiDxev5nbqQKxfRCTkVfojUtwvKgNAW8AEjwKDmnt1
nftg,GHZNZteQFLMQYein8pVEPktDsjqhFJ7QaQ5ztJxocNZ8
cactiv,GJHVtp34j3D8yc7kT85ipLFrNvRqgWwjCawjBgMXsseu
jadevo,GJMxn248ajtakh4PjRsXat9eEju1DPFe7CPn3ykSkuYp
thep,GK5e86xbrGdUgzVqJouBJz3GduF2qJkLXxseZuqMNEHM
toasi,GK6ey6jjojtci2RJEmWr9XBCZURyLjdFAxVQeRJJa4Mf
satsmart0x,GLqkgVpRRQoSBcjbnBT3Z6x1DKNXFhSraZ2ZBwPpjCuL
007,GMnxzmCsLzA8gWxUkRvhPMfEEzpZpUJ4Vt5oamUVcG9m
validator,GMoq2MmjAWhmnDyEqbgPWvjuynDUuFZLhHG6asmTH1Gx
sheihahaha,GNW1F7BcpwG6KgKCX2vE1wX6cdkQHijXG9xj5JzXpJti
dodecahedr0x,GNa9E2dWP8e2fg23pRJoiCvJm5cbzomm94YzotpcRh7A
admiralgeop,GPUexZTuDyBwNBYyuGsdaHGXJXt78q5zscQbgSZZXPac
cryptoege,GPrVPxkPkPg6TnwY3imKhVEbAtDXSRPWu3TqtkHhREJF
cryptokeyks,GSK9AvBYFnvPXZbJg27ifjMGGkDmNusV19EpmUgphFJd
omar296,GT7672WCutMRZhVawjzpKR54QwWPSkgnxvgSVTjHw1pM
ejaybee,GTavqxaD97xL7mtgZJbxovLkstve66NU4gaUg1JEmc2G
toganelo,GTfqGY5Tm8gBrcKjhZxM8EKff9s2o59tp58EawjVqm1M
ravimonke,GU3ZN7miy6jJEpY6qNuzUTbvJhk5tou8vgdYZjjRjfgJ
thedestroyer77,GW5gJ8TWfuZQuFgLffa1MgMzsoaEHsYfMm5ajHcMYWJa
chanchanee,GX6KFMFS6yZGJzuZ28Q5Cbk9RN8Wv8UmNP2abcC4kcM2
yolobro12,GY7xXAL3nXsVPxZAzQHyhqLqKb1eRDY9TTJzMCA4mLXN
tim_kryo,GYtu1FDScHyGgfJWy5J7VusWx9nxK34kgJZHHmGn6CmJ
ryanc,GZEGFmWTojDEbtSwxY1eoUoopBCnBkQGdW8zdALUx1Gt
azooz,GaQBo9XGXEqL3czhMjJtwRmL2okmNnWcTWdSsHm6MfkU
gmdan,GeCM1b6zytvy99YTAsix1y8Ggh7totoevAupT3C8bLoW
yoit,GepYyNFkFdKbtJRvNT9aPy4AQhrMKmCXqLAE2kTKBbkj
thesolisrisingg,GfuHNDbryxzTpJtaBGiw9CW2FMUD7uTr2TNaZysKGhBk
tas1as,Gg6bYnwTL5DhXDXqTZmnVfMBS9nuhK8bTuZ4nBcHNB6L
chad_pod,GhnEFKJPVDAvVopijyWaqz3UtaUvHuifHXcjomtT9eYZ
hulkholder,GiBDBA8RmArFVB7TRSofd14yovrzCqFfCFhVbF7aKYJ1
agry,GiWjLPQyvsPRTXjB4XvkrsipWLATJfWgk5QfAi28BavY
gdvdsvsdvs,GioUixm2DZMWHr8hEFQVQN2dp2VkVTxGjz2wLArN87xD
ogsolanasensei,GkLAJjZCAtVL97o6w9gfMDQcQueTeGjrGeugfs93Q2i5
michu,GmDvJ6AvvTVBNrzLaQSjvvPn1uCgwANvTfj8oBLM6mjh
kumru,GoZKqXDZZC7tPFuoJvq3KZU1PW4B9ghcApgLMsyR5rMA
ericchung,GqsrdMBrRu37Ls1PYJYt2DwzebBaH4bseF3wD3cij4uy
zeroxnft,GrUpTA1caDBS6u1SSJrRVAkxwzraTLMK7tbXSEgwm8U9
nftcollector123,GsLREdBioEpcmnr7cWgK9X5zZQFvSQbSLXyyvYAHCCEQ
suuuupaman,GtH4adwVoZ4omfFPP62gz1TXehvGTtMS4T83aJ8KLzk7
n4motto,GtuWbQ2ZBgn8aHRWcYM17n7p3rkbUkNbH4jdcyvynNTS
mdjackal,Gu3ubGWHQwsay76repUGJmyaW2GrAS6XZP9UKmXJhuYp
0xluden,GueGgggeNaCvkR4eg2PUifNwVi1wNsh9gse5bgTCok76
wow,GuhK9c2PUT7ZmmKLoNPgmyvYSdKH49LXGXoephjdFYxr
jct,GvugKZrUqQ8b2g3DYDJNd4yqnFTTxGLYwhSVvTpgyd5J
snekbas,GwPwe6ywdvrGvTUGwJcSZoCA6nxW2AdTn6m46DkeavJf
swmartin19,GxEKnBP7atpVoAAXLc1c5UXWxcezC99R7Kibd1dwjrK6
icecole,GxmLqZBFHLZjiCepCx9LTKUSKLKBzgsn8FLm1dNL7CEM
cryptocutie,GxtAHuf13sPWxkHZ1ELmrfJpG6sMpjZudu98eTN8z8bx
musicalchairs,H1bCBWhTr9jYYyRE4fGfZZYgBwDFbQNQurxFZyec3WbC
kkariya,H1mK1mocQNt5bJiNAq9Y2VAfLtjPe2wt15hHs4hni4YB
majima,H2ZwF1CRzd27zek27g5DL63y2HF6hP9TcogHxYqdqQpi
coinberry,H5WcWPaeAN3CAqaMYgL3ctDhvN9HDomHYQwSuBKjinEi
dinosaur,H7RgocyK4oyRiSUoh7srAJbsSxDrTN4Fh3S7m4SiZUXi
zagazaw,H7p1FjEPFfWtAjQxtN47SUj5UBJGB5GoE6gnEScgScLy
classic_steve,H7xbQEPg849HAZiNASkpyDBBeoJE3BbgXKwsxkiw3dnA
bangsley,H9CAhtj41kw2FenxSk1U8HiPrgCpgT5YpFueh4THwXxU
josh_hodlin,H9N1d5CHFj4Ktrh2fbL8Fn7WWspixfLKF9HwDwVajFzf
wawen,HA24nuxbmYetbyvq6QaTF6KFDh7y4N9FXgibc5oynXY7
zjose_sol,HBmpocC7metkvYUaM8k85k1m2FQbJCJyEvDXVScH4JET
sanya,HBzVUAzWPLPxiEWRPprqPTWhmkojKCwqRr2RMKU27Yvz
geckomaxi,HCcPiPd4pHrcZEmJXfY4eLs2Dv1CWtgpiK6w5tx6K51m
vinny,HCuBnNHRSiwKmee3FgQ3Y2ZuejdBhb3mxYQb76PNNLsC
nftsenpai,HCvWs6X4j2oCBC4QjzcGbKujErM3X7xXn18XwMVB8dC3
frogs,HDvLCp9oX4CriYH1fyVJ3MFkpMC3csYVy7pfnYeUz97n
cekuica,HEUKAT1ERD1fwrQYLenuirFKBoqw2zzMenVFHLMnreAc
kantes,HEUdcnYsFQs62NUFoY45s7kFe1GDCkvYzUXx1VZ8EV8c
ekim_,HEVcqLRtcdCMjqTF3jUmZLzX5u2yEuyRjMooSAVGBkvm
mocha,HGUw3i4xVdaTDK2dzajytsgb32EXsp7tkpuqSSU7L8cZ
kelpie,HHBVFit7yrnXiAGgj91dzmaQHFuEzyLB5Q2edJrQZeZp
tamer,HHNd47KHAivLLosgrbSDkpR65rD6V2cSRvepxMSiwHkx
tastynfts,HMoXQ71ayudGf248difgP8bgyFC2mve2pLX5cA3WjdZK
arnoldlee,HPwfZUd7wqrBAyLUgkU8GmGvG44J3HCqXZ1mhXXpe6um
nora161999,HR62Bf9HBBK8CZMjGXizGPEeRxNR6cDaVonyYVtagfkw
bruda,HR6bgErCj3Hg2GJ2STsNEFkFy9YLBG1skB5UgpMJnJL6
jnwng,HSxvoc5mZ79fKXRQdMY55KdgLjFmbMFk7wPi299eA25h
mgaogao,HTAsjSQFVkMX1aaauzqYuTPSNTf3L4Y1vLeGTQVz3pn8
genia,HTJPrb3csdrQm26zwroXsEwZp25gzne8xsPG5mrMi3Da
jiljungjuk,HUCKGLrHmXngZeqY41s2WKnM3DSgJeE3woRd59iMZg7x
vink,HVb8YTcjmJPoXEgDeKBtFKaUxQeFHnGvKiMP4zRVQmCm
bweys,HWJCqtn94cgY5TFENrcuBSnor7sTt5FrwuFwLmxXqgBm
lucidmeta,HZ4zvDueq2kDwosQeNZaJaT3n3gHQ25xLzHUmGjX74Nt
rick,HaBWSd6C6JaFHJgyp4WczpKnBzVv3pBwGFrzDQ4hfZJN
brewspikachus,Hd4fVfooi76tuXGtH2XUXT2tu5BFW8LA3reB7PyVx4ux
djk,He2k3Xs7ixhgHRCTDZV6AUMq48NkXiPSbuFt1iMtLdWN
bxmiii,HeGZu4jNUdMnT9gzyqsE59D4Bm24mbzEyzX1ce4JKtXS
lykhangky1,HfTfMFrU8VzFjW6RDi8LTJ2xZCM5TtrQSGzGg5LqiXQd
mrlfg,Hfkn7Mv5sbSZ3J9brZ5RiT6Ck4QtfvvEkBeoHeyGDVqf
ab5teezy,HgdJg1Hbqtw6aijgrvemKnSLSbySmAr6jFiYs9KXoSak
alien_viking,HhmhcGGG3YsyyKZEbEihLuctMAVzftErpYgiBY6wqeeX
aozora,HiGMKn9vvuh4vMPTKepgP5CBbo4zoptac8n3XaR5QtSy
sunnysideup,HiM8pqudom2Jt6aHqNmGqmuS9Ti16sg1bJAcPAuW6jRs
loco,HixRxDwnkyEENPwfufkSjJpwHpCoguhYFRtNPxtDagi5
dboubes,HjbgDKfwFJMay9hanv1AiPp8R7oeH24u1T1Fym12rEUz
geronimo,HjcuTJwZ5bxziuGuAgFbWkkSzzz9v93ABvGhag3fxT3x
frontman,HjwRjhpCR8LSzfFV2gcjX75Hmczm5gFTYkWHwY9sd2uF
madlads123,HkDoSR23SARyagcarAJXGKyKD9tiPuNUQkEMcWNJyY93
drprk,HkEabmmzJMzpTaRjTMVx8vk59Q6Q9bcoeDM1gk44448g
romemusk,HmGsZqXJLgT3venQmNkittgnLp8ccYNDPY5NCqiMQq4E
7337,HmR23oU458vQf3DpqpVBv5AjbGrSGha2oBrhhk7LLcvw
mattie,Hn24vFVv4PT3359nrMERdTLH1f5q5FcLUwrR1GeUtgL1
degendane,HnE83x1tRVUzAYEYQsrayzEmBGnC15x1gUrKayPEy2LB
lndgalante,Hrwj37ePALvqzdmkNyR7Q94fSh5aJzZrMQEaU1ZmgB4F
10cty,HsDA2ZG4UC2MSfLSkH8Hqgs3VSR1UZXZ4rSTn5ZyVKuV
ifedolapo,HsLyif1GLVsPhLFBZ6oJa5sJS2xiCLjMkJ3pmzBMXaGk
fluturecode,HsRs4MQ7q8L8ttaTqnwKibPAJ9hwE1J7wfwc3LWPFSBV
lamopotato,HsU3sTuB1E3M5jaykwfMiKekeSMG4W8iFoDqPRKsUkNj
jiull,Htx1vXcrHeNRoQ9E3MXKkrX7DAqvtfCf6qx1q5E4kuCG
wetiko,HwySLQoDmnnEPG6tKdDPYqfVofdRbF3Bx4G26GKAsm6m
fedex22,HxWGddQUVbmGV6pbC4Nqr8vgD5z7nYJRoEXBRNUGMWLx
amsterdam1606,HxxFYjmJ2nmcGCF1sfFHDSad3Fuwi2Sis7mrM1RiPstb
nftdoctor33,HxxW8jrRUXxqm5BWyDxvQL7LmiyVvhDmmNnpkaZoMqdC
cry_nft,Hzi2UYXQu7MyCs5iNqe6FApMygeqo4eXWbotApoJn1YZ
cyberhyrax,J2KRjBPqHGb2SjPVB6NZCs9QTWTJueWvWLk7YurNTXmo
foodie,J3Uvm28E9vVFn5FnZrEHdPhiSm3EuaErQsPH8oQawVd3
delux3,J3fk9ndGtiACmieeJEvv7iLjhE2QcgQ9tN1t5icaT4VD
ballsax,J447Z7mNtEAxo4AbTBDSC4b8f531d5H67252RgR8TmLC
moulaga,J4ZxbxvzTmE8cD1XuZur8NZp83pYcKKSuNtgRm1Rg84U
hunterzz,J7ajDw89eBsXvBzJHU14STG93CL479guQcLTD9wCBKC5
innsd1,J9Mnr7qT6vYosQ5D89kArAb5SuBtwL8Xexc5QpZitZfL
joeygoat,J9sHZuYSK9GuewkMDBekpBdQ9W5oiUYzKvUAabwwMTj9
kingz,JAW64qTgyM1GUTsefPVukhsQcrhqS4WWTnKvBTuZnQgr
y00tstreet,JCD4HsdW1fQkz9K5PCR3iTic3oQNpRDttKNwJfPEsTRD
notdroll,JCpyGRPFrX3kYv7kkP9SPRgCbdN88us1v6fKY2gGrU66
lele992,JDUY2GMFRQafa5FCub7gc7jvVSCf6kiDRQUpvnQ68wV2
loris,LorisCg1FTs89a32VSrFskYDgiRbNQzct1WxyZb7nuA
boblhodl,Lqj5af9KnMPRgBGhzKS51LyQzyBVbc11qhUC7GkbJgp
subash,MZxZcLo94RFYDiJAEHYYEWA5ezmrphyAqj4oQHJ6ppw
mihalex,Naw51WbgKYSZxEQBgtccg76ujJCNAziAgQ97vuEcf9N
fedya,NgP21Mw3LspFFnewPSWmdCwV85vxaS8htP9QptL7CTW
mic,QSMGrdutVtGKwb3u233dCKYdUXVgdWn3PpSmD3GkLQf
gallynaut,Qd8ZNCf5PTjbXMjY1u6oA9aqUJMkTkajNjxQ8Tt8aTM
mythiclegend,Ruidy7tCywY3ohWysMfsDyjifQUH9mC2NnycNeLcfhH
ineffable,S8Eh8vJ3JdsUmXaEYBsNcQ5yd47oi5A2yPhYVqYsjgB
kahani,VEYEe74FS6mpwogbAcWBmKaf5CcbgbirmZDAwFGDXSV
rezniktetsuo,WBX2GfqUwrrMUaeiFaVXH7YFoUPNvTy12gWk8Ru8axw
muratyavuzeth,WSwBY4Eci6xbY24uTxbZgGqTGvPpfr7qgGybkxqdAHT
ibjcrypto1,WijMZbmGSj3JaPSNQk4sx2sWAFwH6rD1TUEsFgPCDgn
riisaurus,Yw7RAZqhQuyFtThetDL4pZd9wDNWzsZ7Ha2BL8dbyYq
duvong,ZTnZpxPn38ZQqYKRWaSngvVWHMEK7XwawgkybQUw4kp
nwasyuk,aDL7Jjr9L16xpacXX9teaMXTgr2ircUKnKt6T2CRs1x
chuck,akt68td4ftB2s9ZDCzamrYx5YfpRA1PGDnMYQax5Ygk
cryptozod3,akuT514AcZZucodKWbpR7gkRK3yWSNjYhywrEdQveSc
crypticjay3,aruuM2uo5w2tYEvYMmAQAzPr7tsaShJsQk2nAbDwFBj
ilmaldonadof,bcHx5JfbFfwq5MXkf7sSLmEyynom7Z2cw1ZekqdyANm
aspirin,dPWytnJKuZEZCVvdP5eRKECzuW4aWns5uEGGRVEK92g
solanaboomernft,fMgAETjC8a12nzsHA7z5akGCNpVVxRGJdCwcebAy8tV
nightman,gNEt8EeWqdcSpebQXZ8YVnBC9k5yKp2WGvnA9HR8RzQ
christian,ht7JhsGzcegi21bJACKBbFANgo9vo29XH1UQ8w7HzGC
sincerity69,iagkMFc23raUNu1SJdtVqRrNg4J29MWM5iyF96YP4Mo
hongln76,jjjG2Q1GWz7uyfSkoTikBBSwFgsVFXWgcJvaGfZcDyW
100xgraill,jyVzVKsajeNx3t49P9cWS4MPtFnpxHSKEUmEyJpyWbs
fragilemk,kiCdNbmHfKXidfJUYvzMaTjvA8aPvaY1GFKC2W7mhu8
klasu,mn3kN5GDn7e2pEYEV4Z3hbtZ7dz4LH5NT9Fi1D2hcnu
jimz0711,ogi57jLt8AzLSxskUKh6mwWWDNDbvasPN55BLtBFQX9
eric,pMcJUCfWBSkYqvHE8EUZzc5idtqk7wX76shbWEGYo8v
digidrip,paperqA2hpSgCU5epvSjBL9ScHP76BsTxZxgSTeDvH9
rebelx,qNPkcQKQsV7fe5tA9h7BXqS8shs6XHQiEgNNNU1hyVD
piffington,saGiP4C8guX2S2tGQJ7P5nnSoS4KVWDXHd6MdXLEKNC
davirain,sb3bUnVTEcKusCEu8nxVnUZu1NPyCx5xP9pxV8RNa2y
sjillen,sjiQ7dDVKgCM2gTWQQbVkFEeeJRGd37NKjKvZebrGs7
defiadam,snJ4WdatGJLhi3xePtTAJSkvho4K5kRTenVghLJi1Be
pontus,tx1K5ky6ZYTdTTxuoSh5eaiaFM2tzRypvnep6gfreP9
dumpoor,urCzDnk2tpHYfXDHBtGCgSeW9PwEBiiftVxobobhy67
jeckthunder,vJaC9Dhgus4dgCyiyUAz5XD2F5bqsEnAzXyA9uAuM8k
196,wATk4uHNAabCmqfyPhxxRprc59Wm6WnJ3w2qymPAffH
beasr,wtbPQS7tqi2qA8aJ7iY78GPPf7XZQuiW8QNCbu5Rbt4
ad003,xwqwYZzSW2tN2ZajRPq1uxPXVuJdkWrK1FE2y2Kc9j4
ajay,BraHPKYh2op6FSe4Lr7WBRTrWDphzWrACTE3jxMxa5Dp
neozion,EdjSXsnQmXvYYt5qYUhA2qVCjUKQdWZJhDNY3xyTJ3sy
bitking,HStQv7mRTpek6618puuxEU6UqoaHjGGvYKvn7hq3zeZd
kira,ErMSkE3PSpQDJxnvoT5KeYofRkaHNDJifkVjyXCmHG6B
hadeswaplp,Fzx2MEY6fuwjoL1g4Mh5D6dcxp24HEcdZ1QsrVxE5sfs
kurry7,CMqaxMWyxM1XZaeTHWEES7zakxygxGDZFKZhEg88mxvU
cryptotyro97,3mFxTCXESQhbLzgUe14fXCofoqhoaFhibA9Pb8orp65e
madskull,6Ys7UEFwYtgFpHjU24vUyBdjf77wpvCtLiZYdAeKGCwU
annnidhin,HLuAUzfsvNNEgFoqbreHv7PRrgZp37ADjbspJEWrLSma
