FriendlyName,ADDRESS,Abbreviation,Category,Flag,LogoURI
Kamino Program,6LtLpnUFNByNXLyCoK9wA2MykKAmQNZKBdY8s47dehDc,Kamino Program,programs,,https://pbs.twimg.com/profile_images/1563154884718985216/MPPps3IA_400x400.jpg
Francium Lending Reward Program,3Katmm9dhvLQijAvomteYMo6rfVbY5NaCRNq9ZBqBgr6,Lending Reward,programs,,https://pbs.twimg.com/profile_images/1476861175023353857/Srga_3kj_400x400.jpg
DeGods Bank,6VJpeYFy87Wuv4KvwqD5gyFBTkohqZTqs6LgbCJ8tDBA,DeGods Bank,programs,,https://uploads-ssl.webflow.com/6190adde0207043d887665cd/620a4521d9114e3baaa296f8_DeGods.png
Port Finance Program,Port7uDYB3wk6GJAw4KT1WpTeMtSu9bTcChBHkX2LfR,,programs,,
Lifinity Program,EewxydAPCCVuNEyrVN68PuSYdQ7wKn27V9Gjeoi8dy3S,Lifinity Program,programs,,https://pbs.twimg.com/profile_images/1437045911188770817/cJs6MMUb_400x400.jpg
TensorSwap Program,TSWAPaqyCSx2KABk68Shruf4rp7CxcNi8hAsbdwmHbN,TensorSwap Program,programs,,https://pbs.twimg.com/profile_images/1570907127287259136/qujno7O4_400x400.jpg
Orca Aquafarm Program,82yxjeMsvaURa4MbZZ7WZZHfobirZYkH1zF8fmeGtyaQ,,programs,,
Config Program,Config1111111111111111111111111111111111111,,programs,,
Memo Program,Memo1UhkJRfHyvLMcVucJwxXeuD728EqVDDwQDxFMNo,,programs,,
Socean Program,5ocnV1qiCgaQR8Jb8xWnVbApfaygJ8tNoZfgPwsgx9kx,Socean Program,programs,,https://pbs.twimg.com/profile_images/1475760736248893440/bVkClqrP_400x400.jpg
NFT Auction Program,auctxRXPeJoc4817jDhf4HbjnhEcr1cCXenosMhK5R8,,programs,,
Francium Lending Program,FC81tbGt6JWRXidaWYFXxGnTk4VgobhJHATvTRVMqgWj,Lending Program,programs,,https://pbs.twimg.com/profile_images/1476861175023353857/Srga_3kj_400x400.jpg
SPL Governance Program,GovER5Lthms3bLBqWub97yVrMmEogzX7xNjdXpPPCVZw,SPL Governance Program,programs,,
Orca Swap Program v1,DjVE6JNiYqPL2QXyCUUh8rNjHrbz9hXHNYt99MQ59qw1,,programs,,
Magic Eden | V1,MEisE1HzehtrDpAAT8PnLHjpSSkRYakotTuJRPjTpo8,ME v1,programs,,https://pbs.twimg.com/profile_images/1554554723423993857/owxazkRR_400x400.jpg
Token Vault Program,vau1zxA2LbssAUEF7Gpw91zMM1LvXrvpzJtmZ58rPsn,,programs,,
Hubble,HubbLeXBb7qyLHt3x7gvYaRrxQmmgExb7fCJgDqFuB6T,Hubble,programs,,https://pbs.twimg.com/profile_images/1471509778501230618/Pj3rpcr1_400x400.jpg
Zeta Program,ZETAxsqBRek56DhiGXrn75yj2NHU3aYUnxvHXpkf3aD,Zeta,programs,,"https://res.cloudinary.com/crunchbase-production/image/upload/c_lpad,f_auto,q_auto:eco,dpr_1/bpujp5jytnshoqrarfwy"
Aldrin AMM V1,AMM55ShdkoGRB5jVYPjWziwk8m5MpwyDgsMWHaMSQWH6,Aldrin AMM V1,programs,,https://pbs.twimg.com/profile_images/1427620181552123907/hO88aJ6H_400x400.jpg
PoolProps Program,GrcZwT9hSByY1QrUTaRPp6zs5KxAA5QYuqEhjT1wihbm,PoolProps Program,programs,,https://pbs.twimg.com/profile_images/1551312540298137601/7vdug71h_400x400.jpg
Cega Program,3HUeooitcfKX1TSCx2xEpg2W31n6Qfmizu7nnbaEWYzs,Cega Program,programs,,
Secp256k1 SigVerify Precompile,KeccakSecp256k11111111111111111111111111111,,programs,,
Friktion Program,VoLT1mJz1sbnxwq5Fv2SXjdVDgPXrb9tJyC8WpMDkSp,Friktion Program,programs,,https://pbs.twimg.com/profile_images/1560317521730871296/YgRjgWDJ_400x400.png
Squads,SQUADSxWKud1RVxuhJzNcqYqu7F3GLNiktGzjnNtriT,Squads,programs,,https://pbs.twimg.com/profile_images/1559576624655384576/nsPAP5Vx_400x400.jpg
Bonfida Name Tokenizer Program,nftD3vbNkNqfj2Sd3HZwbpw4BxxKWr4AjGb9X38JeZk,Bonfida Name Tokenizer Program,programs,,https://pbs.twimg.com/profile_images/1546403916140761089/cHHwcTe-_400x400.png
Saber Router Program,Crt7UoUR6QgrFrN7j8rmSQpUTNWNSitSwWvsWGf1qZ5t,,programs,,
Serum Dex Program v3,9xQeWvG816bUx9EPjHmaT23yvVM2ZWbrrpZb9PusVFin,Serum Dex Program v3,programs,,https://assets.website-files.com/61382d4555f82a75dc677b6f/61ff21f9dcce3b42bfe4135c_serum%20NOF.png
Name Service Program,namesLPneVptA9Z5rqUDD9tMTWEJwofgaYwp8cawRkX,,programs,,
Marinade Staking Program,MarBmsSgKXdrN1egZf5sqe1TMai9K1rChYNDJgjq7aD,,programs,,https://miro.medium.com/max/2400/1*cZ8iv9ecLinObz6CRQOdZg.png
Tulip Protocol Lending Program,4bcFeLv4nydFrsZqV5CgwCVrPhkQKsXtzfy2KyMz7ozM,Tulip Protocol Lending Program,programs,,https://s2.coinmarketcap.com/static/img/coins/200x200/10373.png
Wormhole Program ,worm2ZoG2kUd4vFXhvjh93UUH596ayRfgQ2MgjNMTth,Wormhole Program,programs,,
Orca Whirlpool Program,whirLbMiicVdio4qvUfM5KAg6Ct8VwpYzGff3uctyCc,WhirlPool ,programs,,
Wormhole Token Bridge,wormDTUJ6AWPNvk59vGQbDvGJmqbDTdgWgAqcLBCgUb,Token Bridge,programs,,
Lido for Solana Program,CrX7kMhLC3cSsXJdT7JDgqrRVWGnUpX3gfEfxxU2NVLi,,programs,,
Metaplex Program,p1exdMJcjVao65QdewkaZRUnU6VPSXhus9n2GzWfh98,,programs,,
Quarry Mine,QMNeHCGYnLVDn1icRAfQZpjPLBNkfGbSKRB83G5d8KB,,programs,,
Raydium Staking Program,EhhTKczWMGQt46ynNeRX1WfeagwwJd7ufHvCDjRxjo5Q,,programs,,https://s2.coinmarketcap.com/static/img/coins/64x64/8526.png
01 Program,Zo1ggzTUKMY5bYnDvT5mtVeZxzf2FaLTbKkmvGUhUQk,01 Program,programs,,
Aldrin AMM V2,CURVGoZn8zycx6FXwwevgBTB2gVvdbGTEpvMJDbgs2t4,Aldrin AMM V2,programs,,https://pbs.twimg.com/profile_images/1427620181552123907/hO88aJ6H_400x400.jpg
Orca Swap Program v2,9W959DqEETiGZocYWCQPaJ6sBmUzgfxXfqGeTEdp3aQP,,programs,,
Solanart,CJsLwbP1iu5DuUikHEJnLfANgKy6stB2uFgvBBHoyxwz,Solanart,programs,,
Mango Program v3,mv3ekLzLbnVPNxjSKvqBpU3ZeZXPQdEC3bp5MDEBG68,,programs,,https://global.discourse-cdn.com/standard10/uploads/mango/original/1X/66a85d6b21c3555fbc8d415e389ba566fccd4127.png
DeGods Farm,FQzYycoqRjmZTgCcTTAkzceH2Ju8nzNLa5d78K3yAhVW,DeGods Farm,programs,,https://uploads-ssl.webflow.com/6190adde0207043d887665cd/620a4521d9114e3baaa296f8_DeGods.png
Solend Program,So1endDq2YkqhipRh3WViPa8hdiSpxWy6z3Z6tMCpAo,,programs,,https://miro.medium.com/fit/c/176/176/1*6diP-K7zgEMigbOxJBLqQQ.png
Vote Program,Vote111111111111111111111111111111111111111,,programs,,
Hedge Program ID,HedgeEohwU6RqokrvPU4Hb6XKPub8NuKbnPmY7FoMMtN,Hedge Program ID,programs,,https://pbs.twimg.com/profile_images/1525647217394073608/M3QJ602S_400x400.jpg
Jupiter,JUP2jxvXaqu7NQY1GmNF4m1vodw12LVXYxbFL2uJvfo,Jupiter,programs,,https://pbs.twimg.com/profile_images/1446493130555990024/xggcEv5a_400x400.jpg
Tulip Protocol | Leverage Farming Program,Bt2WPMmbwHPk36i4CRucNDyLcmoGdC7xEdrVuxgJaNE6,Tulip Protocol Leverage Farming Program,programs,,https://s2.coinmarketcap.com/static/img/coins/200x200/10373.png
NFT Candy Machine Program,cndyAnrLdpjq1Ssp1z8xxDsB8dxe7u4HL5Nxi2K5WXZ,,programs,,
NFT Candy Machine v2 Program,cndy3Z4yapfJBmL3ShUp5exZKqR3z33thTzeNMm2gRZ,,programs,,
Swim Swap Program,SWiMDJYFUGj6cPrQ6QYYYWZtvXQdRChSVAygDZDsCHC,https://pbs.twimg.com/profile_images/1539329241615065088/-p3lqMF5_400x400.jpg,programs,,
Pyth Oracle Program,FsJ3A3u2vn5cTVofAjvy6y5kwABJAqYWpe4975bi2epH,,programs,,https://icoholder.com/files/img/bb1b4116ea0f723fec07a6bc5fe1e0f5.jpeg
Apricot Finance Program,6UeJYTLU1adaoHWeApWsoj1xNEDbWA2RhM2DLc8CrDDi,Apricot Finance Program,programs,,
Memo Program v2,MemoSq4gqABAXKb96qnH8TysNcWxMyWCqXgDLGmfcHr,,programs,,
Stake Program,Stake11111111111111111111111111111111111111,,programs,,
Raydium Liquidity Pool V4,675kPX9MHTjS2zt1qfr1NYHuzeLXfQM9H24wFSUt1Mp8,,programs,,https://s2.coinmarketcap.com/static/img/coins/64x64/8526.png
Only1 Program,5XDdQrpNCD89LtrXDBk5qy4v1BW1zRCPyizTahpxDTcZ,Only1 Program,programs,,https://pbs.twimg.com/profile_images/1454195051022725120/rkvkkIky_400x400.jpg
Genopets Habitat Management Program,HAbiTatJVqoCJd9asyr6RxMEdwtfrQugwp7VAFyKWb1g,Genopets,programs,,https://s2.coinmarketcap.com/static/img/coins/64x64/13632.png
Token Program,TokenkegQfeZyiNwAJbNbGKPFXCWuBvf9Ss623VQ5DA,,programs,,
Tulip Staking Program,stkTLPiBsQBUxDhXgxxsTRtxZ38TLqsqhoMvKMSt8Th,Tulip Staking,programs,,https://s2.coinmarketcap.com/static/img/coins/200x200/10373.png
MagicEden V2 Program,M2mx93ekt1fmXSVkTrUL9xVFHkmME8HTUi5Cyc5aF7K,MagicEden V2 Program,programs,,https://pbs.twimg.com/profile_images/1554554723423993857/owxazkRR_400x400.jpg
System Program,11111111111111111111111111111111,,programs,,
Associated Token Program,ATokenGPvbdGVxr1b2hvZbsiqW5xWH25efTNsLJA8knL,,programs,,
Token Metadata Program,metaqbxxUerdq28cj1RbAWkYQm3ybzjb6a8bt518x1s,,programs,,
Mercurial Stable Swap Program,MERLuDFBMmsHnsBPZw2sDQZHvXFMwp8EdjudcU2HKky,,programs,,
Atrix Finance Pool Program,HvwYjjzPbXWpykgVZhqvvfeeaSraQVnTiQibofaFw9M7,Atrix Finance Pool Program,programs,,
Solsea,617jbWo616ggkDxvW1Le8pV38XLbVSyWY8ae6QUmGBAU,Solsea,programs,,
Streamflow Program,strmRqUCoQUgGUan5YhzUZa6KqdzwX5L6FpUxfmKg5m,Streamflow Program,programs,,https://pbs.twimg.com/profile_images/1396561843146080259/VJNtxnX0_400x400.jpg
Mean Finance MultiSig Program,FF7U7Vj1PpBkTPau7frwLLrUHrjkxTQLsH7U5K3T3B3j,Mean Finance MultiSig Program,programs,,https://pbs.twimg.com/profile_images/1511040310344044544/ksia9GiX_400x400.jpg
Zebec Program,AknC341xog56SrnoK6j3mUvaD1Y7tYayx1sxUGpeYWdX,Zebec Program,programs,,https://pbs.twimg.com/profile_images/1524086536593375233/wTpZ1Euj_400x400.jpg
SwitchBoard V2 Program,SW1TCH7qEPTdLsDHRgPuMQjbQxKdH2aBStViMFnt64f,SwitchBoard,programs,,https://miro.medium.com/max/2400/1*F4DeqUObWEKQbU8eB5T0CQ.png
Jupiter Swap V4,JUP4Fb2cqiRUcaTHdrPC8h2gNsA2ETXiPDD33WcGuJB,Jupiter Swap V4,programs,,
DeFiLand Staking Program,KJ6b6PswEZeNSwEh1po51wxnbX1C3FPhQPhg8eD2Y6E,DeFiLand Staking Program,programs,,https://pbs.twimg.com/profile_images/1488895696833032193/5SP1ZtJP_400x400.jpg
Wormhole NFT Bridge,WnFt12ZrnzZrFZkt2xsNsaNWoQribnuQ5B5FrDbwDhD,NFT Bridge,programs,,
Atrix Finance Farm Program,BLDDrex4ZSWBgPYaaH6CQCzkJXWfzCiiur9cSFJT8t3x,Atrix Finance Farm Program,programs,,
Serum Swap Program,22Y43yTVxuUkoRKdm9thyRhQ3SdgQS7c7kB6UNCiaczD,Serum Swap Program,programs,,https://assets.website-files.com/61382d4555f82a75dc677b6f/61ff21f9dcce3b42bfe4135c_serum%20NOF.png
Tulip Protocol V2 Vaults,TLPv2tuSVvn3fSk8RgW3yPddkp5oFivzZV3rA9hQxtX,Tulip Protocol V2 Vaults,programs,,https://s2.coinmarketcap.com/static/img/coins/200x200/10373.png
PsyFinance V2 Program,PSYFiYqguvMXwpDooGdYV6mju92YEbFobbvW617VNcq,PsyFinance V2 Program,programs,,https://pbs.twimg.com/profile_images/1561846839053254660/AQ89o2jF_400x400.jpg
PsyOptions - American Protocol Owner,GovHgfDPyQ1GwazJTDY2avSVY8GGcpmCapmmCsymRaGe,PsyOptions - American Protocol Owner,accounts,,
Dialect Program,CeNUxGUsSeb5RuAGvaMLNx3tEZrpBwQqA7Gs99vMPCAb,Dialect Program,programs,,
PsyOptions - American Protocol DAO,R2y9ip6mxmWUj4pt54jP2hz2dgvMozy9VTSwMWE7evs,DAO,accounts,,
Saber Stable Swap Program,SSwpkEEcbUqx4vtoEByFjSkhKdCT862DNVb52nZg1UZ,,programs,,
PsyFinance Staking Program,pSystkitWgLkzprdAvraP8DSBiXwee715wiSXGJe8yr,PsyFinance Staking,programs,,https://pbs.twimg.com/profile_images/1561846839053254660/AQ89o2jF_400x400.jpg
Larix Program,7Zb1bGi32pfsrBkzWdqd4dFhUXwp5Nybr1zuaEwN34hy,Larix Program,programs,,
Scallop's Program ID,SCPv1LabixHirZbX6s7Zj3oiBogadWZvGUKRvXD3Zec,Scallop's Program ID,programs,,
Mean Finance MSP V2,MSPCUMbLfy2MeT6geLMMzrUkv1Tx88XRApaVRdyxTuu,Mean Finance MSP V2,programs,,https://pbs.twimg.com/profile_images/1511040310344044544/ksia9GiX_400x400.jpg
Solana Mobile Payment Gateway,781wH11JGQgEoBkBzuc8uoQLtp8KxeHk1yZiS1JhFYKy,SMS,programs,,
Ed25519 SigVerify Precompile,Ed25519SigVerify111111111111111111111111111,,programs,,
Tulip | V1 Raydium Vault,7vxeyaXGLqcp66fFShqUdHxdacp4k4kwUpRSSeoZLCZ4,Tulip's V1 Raydium Vault,programs,,https://s2.coinmarketcap.com/static/img/coins/200x200/10373.png
DeFilLand Marketplace Program,657iw8S9b4BG5Vno91DgJk4bqoH3kzPRopngPG8uxWxg,DeFilLand Marketplace Program,programs,,
Everlend General Pool V1,GenUMNGcWca1GiPLfg89698Gfys1dzk9BAGsyb9aEL2u,General Pool,programs,,https://pbs.twimg.com/profile_images/1516109648981594119/-atTxUNG_400x400.png
Solnet Program,GDDMwNyyx8uB6zrqwBFHjLLG3TBYk2F8Az4yrQC5RzMp,Solnet,programs,,https://repository-images.githubusercontent.com/370790102/c21bb900-d695-11eb-8960-ee7ce9c140a8
Stake Pool Program,SPoo1Ku8WFXoNDMHPsrGSTSG1Y47rzgn41SLUNakuHy,,programs,,
Break Solana Program,BrEAK7zGZ6dM71zUDACDqJnekihmwF15noTddWTsknjC,,programs,,
Mango Governance Program,GqTPL6qRf5aUuqscLh8Rg2HTxPUXfhhAXDptTLhp1t2J,,programs,,
Step Finance Swap Program,SSwpMgqNDsyV7mAgN9ady4bDVu5ySjmmXejXvy2vLt1,,programs,,
Goblin Gold Program ID,GGo1dnYpjKfe9omzUaFtaCyizvwpAMf3NhxSCMD61F3A,GGo1dnYpjKfe9omzUaFtaCyizvwpAMf3NhxSCMD61F3A,programs,,https://pbs.twimg.com/profile_images/1496450638053576704/7e7Xhvjy_400x400.jpg
AlphaArt,HZaWndaNWHFDd9Dhk5pqUUtsmoBCqzb1MLu3NAh1VX6B,AA,programs,,
Coinable's Program ID,CNBLwonD8EHup87p1SK9dypdj4WasTioWzFZWZVP9vbB,Coinable's Program ID,programs,,
Nazare Program,NAZAREQQuCnkV8CpkGZaoB6ccmvikM8uRr4GKPWwmPT,Nazare Program,programs,,https://pbs.twimg.com/profile_images/1563031023486738432/m3W7VA1Q_400x400.jpg
Streamflow MultiSig Program,GfjqZ9MsfqKkEepy8F4xfS9uuxEEQpwWQXKnTKJY5nrG,Streamflow MultiSig Program,programs,,https://pbs.twimg.com/profile_images/1396561843146080259/VJNtxnX0_400x400.jpg
DigitalEyes,A7p8451ktDCHq5yYaHczeLMYsjRsAkzc3hCXcSrwYHU7,DigitalEyes,programs,,
Mean Finance DDCA Program,3nmm1awnyhABJdoA25MYVksxz1xnpUFeepJJyRTZfsyD,Mean Finance DDCA Program,programs,,https://pbs.twimg.com/profile_images/1511040310344044544/ksia9GiX_400x400.jpg
Parrot Program,HajXYaDXmohtq2ZxZ6QVNEpqNn1T53Zc9FnR1CnaNnUf,Parrot Program,programs,,
Quarry Merge Mine,QMMD16kjauP5knBwxNUJRZ1Z5o3deBuFrqVjBVmmqto,,programs,,
MarginFi Program,MRGNWSHaWmz3CPFcYt9Fyh8VDcvLJyy2SCURnMco2bC,MarginFi Program,programs,,https://pbs.twimg.com/profile_images/1495835980443623429/6sfyPSTK_400x400.jpg
Mango Program v2,5fNfvyp5czQVX77yoACa3JJVEhdRaWjPuazuWgjhTqEH,,programs,,
Tulip | Orca Vault,FoNqK2xudK7TfKjPFxpzAcTaU2Wwyt81znT4RjJBLFQp,Tulip Orca Vault,programs,,https://s2.coinmarketcap.com/static/img/coins/200x200/10373.png
Quarry Redeemer,QRDxhMw1P2NEfiw5mYXG79bwfgHTdasY2xNP76XSea9,,programs,,
PsyOptions - Tokenized Europeans Protocol DAO,FASQhaZQT53W9eT9wWnPoBFw8xzZDey9TbMmJj6jCQTs,Tokenized Europeans Protocol DAO,accounts,,
