,ADDRESS,FriendlyName,Abbreviation,Category,Flag,LogoURI
0,EzSXQ2BXf8m4y4jcQQGeZ6nnwXB3ARXP3YQ5SwjKLj82,Tulip | Saber Vault,Tulip's Saber Vault,programs,,https://s2.coinmarketcap.com/static/img/coins/200x200/10373.png
1,5JQ8Mhdp2wv3HWcfjq9Ts8kwzCAeBADFBDAgBznzRsE4,Tulip | Pyth Price Feed Manager,Tulip | Pyth Price Feed Manager,programs,,https://s2.coinmarketcap.com/static/img/coins/200x200/10373.png
2,781wH11JGQgEoBkBzuc8uoQLtp8KxeHk1yZiS1JhFYKy,Solana Mobile Payment Gateway,SMS,programs,,
3,SCPv1LabixHirZbX6s7Zj3oiBogadWZvGUKRvXD3Zec,Scallop's Program ID,Scallop's Program ID,programs,,
4,FASQhaZQT53W9eT9wWnPoBFw8xzZDey9TbMmJj6jCQTs,PsyOptions - Tokenized Europeans Protocol DAO,Tokenized Europeans Protocol DAO,accounts,,
5,NAZAREQQuCnkV8CpkGZaoB6ccmvikM8uRr4GKPWwmPT,Nazare Program,Nazare Program,programs,,https://pbs.twimg.com/profile_images/1563031023486738432/m3W7VA1Q_400x400.jpg
6,WnFt12ZrnzZrFZkt2xsNsaNWoQribnuQ5B5FrDbwDhD,Wormhole NFT Bridge,NFT Bridge,programs,,
7,FoNqK2xudK7TfKjPFxpzAcTaU2Wwyt81znT4RjJBLFQp,Tulip | Orca Vault,Tulip Orca Vault,programs,,https://s2.coinmarketcap.com/static/img/coins/200x200/10373.png
8,stkTLPiBsQBUxDhXgxxsTRtxZ38TLqsqhoMvKMSt8Th,Tulip Staking Program,Tulip Staking,programs,,https://s2.coinmarketcap.com/static/img/coins/200x200/10373.png
9,HZaWndaNWHFDd9Dhk5pqUUtsmoBCqzb1MLu3NAh1VX6B,AlphaArt,AA,programs,,
10,5fNfvyp5czQVX77yoACa3JJVEhdRaWjPuazuWgjhTqEH,Mango Program v2,,programs,,
11,5ocnV1qiCgaQR8Jb8xWnVbApfaygJ8tNoZfgPwsgx9kx,Socean Program,Socean Program,programs,,https://pbs.twimg.com/profile_images/1475760736248893440/bVkClqrP_400x400.jpg
12,Config1111111111111111111111111111111111111,Config Program,,programs,,
13,9HzJyW1qZsEiSfMUf6L2jo3CcTKAyBmSyKdwQeYisHrC,Raydium IDO Program,,programs,,https://s2.coinmarketcap.com/static/img/coins/64x64/8526.png
14,GGo1dnYpjKfe9omzUaFtaCyizvwpAMf3NhxSCMD61F3A,Goblin Gold Program ID,GGo1dnYpjKfe9omzUaFtaCyizvwpAMf3NhxSCMD61F3A,programs,,https://pbs.twimg.com/profile_images/1496450638053576704/7e7Xhvjy_400x400.jpg
15,3nmm1awnyhABJdoA25MYVksxz1xnpUFeepJJyRTZfsyD,Mean Finance DDCA Program,Mean Finance DDCA Program,programs,,https://pbs.twimg.com/profile_images/1511040310344044544/ksia9GiX_400x400.jpg
16,SwaPpA9LAaLfeLi3a68M4DjnLqgtticKg6CnyNwgAC8,Swap Program,,programs,,
17,SSwpMgqNDsyV7mAgN9ady4bDVu5ySjmmXejXvy2vLt1,Step Finance Swap Program,,programs,,
18,vau1zxA2LbssAUEF7Gpw91zMM1LvXrvpzJtmZ58rPsn,Token Vault Program,,programs,,
19,QRDxhMw1P2NEfiw5mYXG79bwfgHTdasY2xNP76XSea9,Quarry Redeemer,,programs,,
20,EewxydAPCCVuNEyrVN68PuSYdQ7wKn27V9Gjeoi8dy3S,Lifinity Program,Lifinity Program,programs,,https://pbs.twimg.com/profile_images/1437045911188770817/cJs6MMUb_400x400.jpg
21,HajXYaDXmohtq2ZxZ6QVNEpqNn1T53Zc9FnR1CnaNnUf,Parrot Program,Parrot Program,programs,,
22,cndyAnrLdpjq1Ssp1z8xxDsB8dxe7u4HL5Nxi2K5WXZ,NFT Candy Machine Program,,programs,,
23,FF7U7Vj1PpBkTPau7frwLLrUHrjkxTQLsH7U5K3T3B3j,Mean Finance MultiSig Program,Mean Finance MultiSig Program,programs,,https://pbs.twimg.com/profile_images/1511040310344044544/ksia9GiX_400x400.jpg
24,GDDMwNyyx8uB6zrqwBFHjLLG3TBYk2F8Az4yrQC5RzMp,Solnet Program,Solnet,programs,,https://repository-images.githubusercontent.com/370790102/c21bb900-d695-11eb-8960-ee7ce9c140a8
25,MRGNWSHaWmz3CPFcYt9Fyh8VDcvLJyy2SCURnMco2bC,MarginFi Program,MarginFi Program,programs,,https://pbs.twimg.com/profile_images/1495835980443623429/6sfyPSTK_400x400.jpg
26,Soda2BBinmZtnWPM9UBBaHo7zcgcuxUfSD6ksxdbbGg,Soda Proxy Program,Soda Proxy Program,programs,,https://pbs.twimg.com/profile_images/1509528413551292425/v9eHM5Yd_400x400.png
27,DtmE9D2CSB4L5D6A15mraeEjrGMm6auWVzgaD8hK2tZM,Switchboard Oracle Program,,programs,,https://miro.medium.com/max/2400/1*F4DeqUObWEKQbU8eB5T0CQ.png
28,p1exdMJcjVao65QdewkaZRUnU6VPSXhus9n2GzWfh98,Metaplex Program,,programs,,
29,PSYFiYqguvMXwpDooGdYV6mju92YEbFobbvW617VNcq,PsyFinance V2 Program,PsyFinance V2 Program,programs,,https://pbs.twimg.com/profile_images/1561846839053254660/AQ89o2jF_400x400.jpg
30,CeNUxGUsSeb5RuAGvaMLNx3tEZrpBwQqA7Gs99vMPCAb,Dialect Program,Dialect Program,programs,,
31,TSWAPaqyCSx2KABk68Shruf4rp7CxcNi8hAsbdwmHbN,TensorSwap Program,TensorSwap Program,programs,,https://pbs.twimg.com/profile_images/1570907127287259136/qujno7O4_400x400.jpg
32,Ed25519SigVerify111111111111111111111111111,Ed25519 SigVerify Precompile,,programs,,
33,SPoo1Ku8WFXoNDMHPsrGSTSG1Y47rzgn41SLUNakuHy,Stake Pool Program,,programs,,
34,Soda111Jv27so2PRBd6ofRptC6dKxosdN5ByFhCcR3V,Soda Lending Program,Soda Lending Program,programs,,https://pbs.twimg.com/profile_images/1509528413551292425/v9eHM5Yd_400x400.png
35,5XDdQrpNCD89LtrXDBk5qy4v1BW1zRCPyizTahpxDTcZ,Only1 Program,Only1 Program,programs,,https://pbs.twimg.com/profile_images/1454195051022725120/rkvkkIky_400x400.jpg
36,QMMD16kjauP5knBwxNUJRZ1Z5o3deBuFrqVjBVmmqto,Quarry Merge Mine,,programs,,
37,3HUeooitcfKX1TSCx2xEpg2W31n6Qfmizu7nnbaEWYzs,Cega Program,Cega Program,programs,,
38,SW1TCH7qEPTdLsDHRgPuMQjbQxKdH2aBStViMFnt64f,SwitchBoard V2 Program,SwitchBoard,programs,,https://miro.medium.com/max/2400/1*F4DeqUObWEKQbU8eB5T0CQ.png
39,auctxRXPeJoc4817jDhf4HbjnhEcr1cCXenosMhK5R8,NFT Auction Program,,programs,,
40,657iw8S9b4BG5Vno91DgJk4bqoH3kzPRopngPG8uxWxg,DeFilLand Marketplace Program,DeFilLand Marketplace Program,programs,,
41,Vote111111111111111111111111111111111111111,Vote Program,,programs,,
42,GenUMNGcWca1GiPLfg89698Gfys1dzk9BAGsyb9aEL2u,Everlend General Pool V1,General Pool,programs,,https://pbs.twimg.com/profile_images/1516109648981594119/-atTxUNG_400x400.png
43,7vxeyaXGLqcp66fFShqUdHxdacp4k4kwUpRSSeoZLCZ4,Tulip | V1 Raydium Vault,Tulip's V1 Raydium Vault,programs,,https://s2.coinmarketcap.com/static/img/coins/200x200/10373.png
44,cjg3oHmg9uuPsP8D6g29NWvhySJkdYdAo9D25PRbKXJ,Chainlink Program,Chainlink,programs,,https://cryptologos.cc/logos/chainlink-link-logo.png
45,TLPv2tuSVvn3fSk8RgW3yPddkp5oFivzZV3rA9hQxtX,Tulip Protocol V2 Vaults,Tulip Protocol V2 Vaults,programs,,https://s2.coinmarketcap.com/static/img/coins/200x200/10373.png
46,AknC341xog56SrnoK6j3mUvaD1Y7tYayx1sxUGpeYWdX,Zebec Program,Zebec Program,programs,,https://pbs.twimg.com/profile_images/1524086536593375233/wTpZ1Euj_400x400.jpg
47,pSystkitWgLkzprdAvraP8DSBiXwee715wiSXGJe8yr,PsyFinance Staking Program,PsyFinance Staking,programs,,https://pbs.twimg.com/profile_images/1561846839053254660/AQ89o2jF_400x400.jpg
48,HvwYjjzPbXWpykgVZhqvvfeeaSraQVnTiQibofaFw9M7,Atrix Finance Pool Program,Atrix Finance Pool Program,programs,,
49,SWiMDJYFUGj6cPrQ6QYYYWZtvXQdRChSVAygDZDsCHC,Swim Swap Program,https://pbs.twimg.com/profile_images/1539329241615065088/-p3lqMF5_400x400.jpg,programs,,
50,SQUADSxWKud1RVxuhJzNcqYqu7F3GLNiktGzjnNtriT,Squads,Squads,programs,,https://pbs.twimg.com/profile_images/1559576624655384576/nsPAP5Vx_400x400.jpg
51,MERLuDFBMmsHnsBPZw2sDQZHvXFMwp8EdjudcU2HKky,Mercurial Stable Swap Program,,programs,,
52,KJ6b6PswEZeNSwEh1po51wxnbX1C3FPhQPhg8eD2Y6E,DeFiLand Staking Program,DeFiLand Staking Program,programs,,https://pbs.twimg.com/profile_images/1488895696833032193/5SP1ZtJP_400x400.jpg
53,JUP4Fb2cqiRUcaTHdrPC8h2gNsA2ETXiPDD33WcGuJB,Jupiter Swap V4,Jupiter Swap V4,programs,,
54,SSwpkEEcbUqx4vtoEByFjSkhKdCT862DNVb52nZg1UZ,Saber Stable Swap Program,,programs,,
55,22Y43yTVxuUkoRKdm9thyRhQ3SdgQS7c7kB6UNCiaczD,Serum Swap Program,Serum Swap Program,programs,,https://assets.website-files.com/61382d4555f82a75dc677b6f/61ff21f9dcce3b42bfe4135c_serum%20NOF.png
56,ZETAxsqBRek56DhiGXrn75yj2NHU3aYUnxvHXpkf3aD,Zeta Program,Zeta,programs,,"https://res.cloudinary.com/crunchbase-production/image/upload/c_lpad,f_auto,q_auto:eco,dpr_1/bpujp5jytnshoqrarfwy"
57,GrcZwT9hSByY1QrUTaRPp6zs5KxAA5QYuqEhjT1wihbm,PoolProps Program,PoolProps Program,programs,,https://pbs.twimg.com/profile_images/1551312540298137601/7vdug71h_400x400.jpg
58,617jbWo616ggkDxvW1Le8pV38XLbVSyWY8ae6QUmGBAU,Solsea,Solsea,programs,,
59,Crt7UoUR6QgrFrN7j8rmSQpUTNWNSitSwWvsWGf1qZ5t,Saber Router Program,,programs,,
60,HedgeEohwU6RqokrvPU4Hb6XKPub8NuKbnPmY7FoMMtN,Hedge Program ID,Hedge Program ID,programs,,https://pbs.twimg.com/profile_images/1525647217394073608/M3QJ602S_400x400.jpg
61,CURVGoZn8zycx6FXwwevgBTB2gVvdbGTEpvMJDbgs2t4,Aldrin AMM V2,Aldrin AMM V2,programs,,https://pbs.twimg.com/profile_images/1427620181552123907/hO88aJ6H_400x400.jpg
62,MEisE1HzehtrDpAAT8PnLHjpSSkRYakotTuJRPjTpo8,Magic Eden | V1,ME v1,programs,,https://pbs.twimg.com/profile_images/1554554723423993857/owxazkRR_400x400.jpg
63,AMM55ShdkoGRB5jVYPjWziwk8m5MpwyDgsMWHaMSQWH6,Aldrin AMM V1,Aldrin AMM V1,programs,,https://pbs.twimg.com/profile_images/1427620181552123907/hO88aJ6H_400x400.jpg
64,QMNeHCGYnLVDn1icRAfQZpjPLBNkfGbSKRB83G5d8KB,Quarry Mine,,programs,,
65,6LtLpnUFNByNXLyCoK9wA2MykKAmQNZKBdY8s47dehDc,Kamino Program,Kamino Program,programs,,https://pbs.twimg.com/profile_images/1563154884718985216/MPPps3IA_400x400.jpg
66,VoLT1mJz1sbnxwq5Fv2SXjdVDgPXrb9tJyC8WpMDkSp,Friktion Program,Friktion Program,programs,,https://pbs.twimg.com/profile_images/1560317521730871296/YgRjgWDJ_400x400.png
67,Memo1UhkJRfHyvLMcVucJwxXeuD728EqVDDwQDxFMNo,Memo Program,,programs,,
68,GovER5Lthms3bLBqWub97yVrMmEogzX7xNjdXpPPCVZw,SPL Governance Program,SPL Governance Program,programs,,
69,BLDDrex4ZSWBgPYaaH6CQCzkJXWfzCiiur9cSFJT8t3x,Atrix Finance Farm Program,Atrix Finance Farm Program,programs,,
70,CrX7kMhLC3cSsXJdT7JDgqrRVWGnUpX3gfEfxxU2NVLi,Lido for Solana Program,,programs,,
71,Port7uDYB3wk6GJAw4KT1WpTeMtSu9bTcChBHkX2LfR,Port Finance Program,,programs,,
72,7Zb1bGi32pfsrBkzWdqd4dFhUXwp5Nybr1zuaEwN34hy,Larix Program,Larix Program,programs,,
73,MarBmsSgKXdrN1egZf5sqe1TMai9K1rChYNDJgjq7aD,Marinade Staking Program,,programs,,https://miro.medium.com/max/2400/1*cZ8iv9ecLinObz6CRQOdZg.png
74,6VJpeYFy87Wuv4KvwqD5gyFBTkohqZTqs6LgbCJ8tDBA,DeGods Bank,DeGods Bank,programs,,https://uploads-ssl.webflow.com/6190adde0207043d887665cd/620a4521d9114e3baaa296f8_DeGods.png
75,DjVE6JNiYqPL2QXyCUUh8rNjHrbz9hXHNYt99MQ59qw1,Orca Swap Program v1,,programs,,
76,Zo1ggzTUKMY5bYnDvT5mtVeZxzf2FaLTbKkmvGUhUQk,01 Program,01 Program,programs,,
77,namesLPneVptA9Z5rqUDD9tMTWEJwofgaYwp8cawRkX,Name Service Program,,programs,,
78,Bt2WPMmbwHPk36i4CRucNDyLcmoGdC7xEdrVuxgJaNE6,Tulip Protocol | Leverage Farming Program,Tulip Protocol Leverage Farming Program,programs,,https://s2.coinmarketcap.com/static/img/coins/200x200/10373.png
79,R2y9ip6mxmWUj4pt54jP2hz2dgvMozy9VTSwMWE7evs,PsyOptions - American Protocol DAO,DAO,accounts,,
80,HubbLeXBb7qyLHt3x7gvYaRrxQmmgExb7fCJgDqFuB6T,Hubble,Hubble,programs,,https://pbs.twimg.com/profile_images/1471509778501230618/Pj3rpcr1_400x400.jpg
81,6UeJYTLU1adaoHWeApWsoj1xNEDbWA2RhM2DLc8CrDDi,Apricot Finance Program,Apricot Finance Program,programs,,
82,FsJ3A3u2vn5cTVofAjvy6y5kwABJAqYWpe4975bi2epH,Pyth Oracle Program,,programs,,https://icoholder.com/files/img/bb1b4116ea0f723fec07a6bc5fe1e0f5.jpeg
83,EhhTKczWMGQt46ynNeRX1WfeagwwJd7ufHvCDjRxjo5Q,Raydium Staking Program,,programs,,https://s2.coinmarketcap.com/static/img/coins/64x64/8526.png
84,MSPCUMbLfy2MeT6geLMMzrUkv1Tx88XRApaVRdyxTuu,Mean Finance MSP V2,Mean Finance MSP V2,programs,,https://pbs.twimg.com/profile_images/1511040310344044544/ksia9GiX_400x400.jpg
85,FC81tbGt6JWRXidaWYFXxGnTk4VgobhJHATvTRVMqgWj,Francium Lending Program,Lending Program,programs,,https://pbs.twimg.com/profile_images/1476861175023353857/Srga_3kj_400x400.jpg
86,FQzYycoqRjmZTgCcTTAkzceH2Ju8nzNLa5d78K3yAhVW,DeGods Farm,DeGods Farm,programs,,https://uploads-ssl.webflow.com/6190adde0207043d887665cd/620a4521d9114e3baaa296f8_DeGods.png
87,4bcFeLv4nydFrsZqV5CgwCVrPhkQKsXtzfy2KyMz7ozM,Tulip Protocol Lending Program,Tulip Protocol Lending Program,programs,,https://s2.coinmarketcap.com/static/img/coins/200x200/10373.png
88,So1endDq2YkqhipRh3WViPa8hdiSpxWy6z3Z6tMCpAo,Solend Program,,programs,,https://miro.medium.com/fit/c/176/176/1*6diP-K7zgEMigbOxJBLqQQ.png
89,3Katmm9dhvLQijAvomteYMo6rfVbY5NaCRNq9ZBqBgr6,Francium Lending Reward Program,Lending Reward,programs,,https://pbs.twimg.com/profile_images/1476861175023353857/Srga_3kj_400x400.jpg
90,strmRqUCoQUgGUan5YhzUZa6KqdzwX5L6FpUxfmKg5m,Streamflow Program,Streamflow Program,programs,,https://pbs.twimg.com/profile_images/1396561843146080259/VJNtxnX0_400x400.jpg
91,Stake11111111111111111111111111111111111111,Stake Program,,programs,,
92,82yxjeMsvaURa4MbZZ7WZZHfobirZYkH1zF8fmeGtyaQ,Orca Aquafarm Program,,programs,,
93,9xQeWvG816bUx9EPjHmaT23yvVM2ZWbrrpZb9PusVFin,Serum Dex Program v3,Serum Dex Program v3,programs,,https://assets.website-files.com/61382d4555f82a75dc677b6f/61ff21f9dcce3b42bfe4135c_serum%20NOF.png
94,mv3ekLzLbnVPNxjSKvqBpU3ZeZXPQdEC3bp5MDEBG68,Mango Program v3,,programs,,https://global.discourse-cdn.com/standard10/uploads/mango/original/1X/66a85d6b21c3555fbc8d415e389ba566fccd4127.png
95,wormDTUJ6AWPNvk59vGQbDvGJmqbDTdgWgAqcLBCgUb,Wormhole Token Bridge,Token Bridge,programs,,
96,KeccakSecp256k11111111111111111111111111111,Secp256k1 SigVerify Precompile,,programs,,
97,worm2ZoG2kUd4vFXhvjh93UUH596ayRfgQ2MgjNMTth,Wormhole Program ,Wormhole Program,programs,,
98,675kPX9MHTjS2zt1qfr1NYHuzeLXfQM9H24wFSUt1Mp8,Raydium Liquidity Pool V4,,programs,,https://s2.coinmarketcap.com/static/img/coins/64x64/8526.png
99,whirLbMiicVdio4qvUfM5KAg6Ct8VwpYzGff3uctyCc,Orca Whirlpool Program,WhirlPool ,programs,,
100,nftD3vbNkNqfj2Sd3HZwbpw4BxxKWr4AjGb9X38JeZk,Bonfida Name Tokenizer Program,Bonfida Name Tokenizer Program,programs,,https://pbs.twimg.com/profile_images/1546403916140761089/cHHwcTe-_400x400.png
101,CJsLwbP1iu5DuUikHEJnLfANgKy6stB2uFgvBBHoyxwz,Solanart,Solanart,programs,,
102,9W959DqEETiGZocYWCQPaJ6sBmUzgfxXfqGeTEdp3aQP,Orca Swap Program v2,,programs,,
103,BrEAK7zGZ6dM71zUDACDqJnekihmwF15noTddWTsknjC,Break Solana Program,,programs,,
104,HAbiTatJVqoCJd9asyr6RxMEdwtfrQugwp7VAFyKWb1g,Genopets Habitat Management Program,Genopets,programs,,https://s2.coinmarketcap.com/static/img/coins/64x64/13632.png
105,27haf8L6oxUeXrHrgEgsexjSY5hbVUWEmvv9Nyxg8vQv,Raydium Liquidity Pool Program v2,,programs,,https://s2.coinmarketcap.com/static/img/coins/64x64/8526.png
106,JD3bq9hGdy38PuWQ4h2YJpELmHVGPPfFSuFkpzAd9zfu,Mango Program v1,,programs,,
107,M2mx93ekt1fmXSVkTrUL9xVFHkmME8HTUi5Cyc5aF7K,MagicEden V2 Program,MagicEden V2 Program,programs,,https://pbs.twimg.com/profile_images/1554554723423993857/owxazkRR_400x400.jpg
108,JUP2jxvXaqu7NQY1GmNF4m1vodw12LVXYxbFL2uJvfo,Jupiter,Jupiter,programs,,https://pbs.twimg.com/profile_images/1446493130555990024/xggcEv5a_400x400.jpg
109,ATokenGPvbdGVxr1b2hvZbsiqW5xWH25efTNsLJA8knL,Associated Token Program,,programs,,
110,cndy3Z4yapfJBmL3ShUp5exZKqR3z33thTzeNMm2gRZ,NFT Candy Machine v2 Program,,programs,,
111,WormT3McKhFJ2RkiGpdw9GKvNCrB2aB54gb2uV9MfQC,Wormhole,,programs,,
112,metaqbxxUerdq28cj1RbAWkYQm3ybzjb6a8bt518x1s,Token Metadata Program,,programs,,
113,TokenkegQfeZyiNwAJbNbGKPFXCWuBvf9Ss623VQ5DA,Token Program,,programs,,
114,MemoSq4gqABAXKb96qnH8TysNcWxMyWCqXgDLGmfcHr,Memo Program v2,,programs,,
115,C64kTdg1Hzv5KoQmZrQRcm2Qz7PkxtFBgw7EpFhvYn8W,Acumen Program,,programs,,
116,WvmTNLpGMVbwJVYztYL4Hnsy82cJhQorxjnnXcRm3b6,Bonfida Pool Program,,programs,,https://pbs.twimg.com/profile_images/1546403916140761089/cHHwcTe-_400x400.png
117,11111111111111111111111111111111,System Program,,programs,,
118,CNBLwonD8EHup87p1SK9dypdj4WasTioWzFZWZVP9vbB,Coinable's Program ID,Coinable's Program ID,programs,,
119,GqTPL6qRf5aUuqscLh8Rg2HTxPUXfhhAXDptTLhp1t2J,Mango Governance Program,,programs,,
120,A7p8451ktDCHq5yYaHczeLMYsjRsAkzc3hCXcSrwYHU7,DigitalEyes,DigitalEyes,programs,,
121,QoP6NfrQbaGnccXQrMLUkog2tQZ4C1RFgJcwDnT8Kmz,Quarry Operator,Quarry Operator,programs,,
122,H6wJxgkcc93yeUFnsZHgor3Q3pSWgGpEysfqKrwLtMko,Mean Finance MSP V1,Mean Finance MSP V1,programs,,https://pbs.twimg.com/profile_images/1511040310344044544/ksia9GiX_400x400.jpg
123,EUqojwWA2rd19FZrzeBncJsm38Jm1hEhE3zsmX3bRc2o,Serum Dex Program v2,,programs,,https://assets.website-files.com/61382d4555f82a75dc677b6f/61ff21f9dcce3b42bfe4135c_serum%20NOF.png
124,TAPfz9p6pRpeWPqBvZVB58sRqcvX4j6SteZNmyKgV2s,PsyFinance V1 Program,PsyFinance V1,programs,,https://pbs.twimg.com/profile_images/1561846839053254660/AQ89o2jF_400x400.jpg
125,dammHkt7jmytvbS3nHTxQNEcP59aE57nxwV21YdqEDN,Drift Program,Drift,programs,,
126,LendZqTs7gn5CTSJU1jWKhKuVpjJGom45nnwPb2AMTi,Lending Program,,programs,,
127,RVKd61ztZW9GUwhRbbLoYVRE5Xf1B2tVscKqwZqXgEr,Raydium Liquidity Pool Program v1,,programs,,https://s2.coinmarketcap.com/static/img/coins/64x64/8526.png
128,GovHgfDPyQ1GwazJTDY2avSVY8GGcpmCapmmCsymRaGe,PsyOptions - American Protocol Owner,PsyOptions - American Protocol Owner,accounts,,
129,GfjqZ9MsfqKkEepy8F4xfS9uuxEEQpwWQXKnTKJY5nrG,Streamflow MultiSig Program,Streamflow MultiSig Program,programs,,https://pbs.twimg.com/profile_images/1396561843146080259/VJNtxnX0_400x400.jpg
130,QMWoBmAyJLAsA1Lh9ugMTw2gciTihncciphzdNzdZYV,Quarry Mint Wrapper,,programs,,
131,QREGBnEj9Sa5uR91AV8u3FxThgP5ZCvdZUW2bHAkfNc,Quarry Registry,,programs,,
132,4p3C44cNJnCCaeBaKNDi4DbXRgBs7zQDbPhBoqstH2Mv,Mean Finance IDO Program,Mean Finance IDO Program,programs,,https://pbs.twimg.com/profile_images/1511040310344044544/ksia9GiX_400x400.jpg
133,BJ3jrUzddfuSrZHXSCxMUUQsjKEyLmuuyZebkcaFp2fg,Serum Dex Program v1,,programs,,https://raw.githubusercontent.com/solana-labs/token-list/main/assets/mainnet/9AaKcdu5eymQwR19qwYFsqiqcXgL3iAxMQyshRpbqg6z/logo.png
134,AAcHauRu6eUDePN3hDDAUTbgyRq5xFbRZJCLsUdpBCJb,PsyOptions Program,PsyOptions Program,programs,,
